:020000040800F2
:10000000005000201D0E0008910D0008990D0008F9
:10001000A10D0008A90D0008B10D000800000000A6
:10002000000000000000000000000000B90D000802
:10003000C50D000800000000D10D0008DD0D00080E
:10004000650E0008650E0008650E0008650E0008C4
:10005000650E0008650E0008650E0008650E0008B4
:10006000650E0008650E0008650E0008E90D000821
:10007000650E0008650E0008650E0008650E000894
:10008000650E0008650E0008650E0008650E000884
:10009000FD0D0008650E0008650E0008650E0008DD
:1000A000650E0008650E0008650E0008650E000864
:1000B000650E0008650E0008650E0008650E000854
:1000C000650E0008650E0008650E0008650E000844
:1000D000650E0008650E0008650E0008650E000834
:1000E000650E0008650E0008650E0008000000009F
:1000F0000000000000000000000000000000000000
:0C01000000000000000000005FF808F1A3
:10010C0010B5054C237833B9044B13B10448AFF345
:10011C0000800123237010BD7C0100200000000032
:10012C00309D000808B5034B1BB103490348AFF3DE
:10013C00008008BD0000000080010020309D0008F8
:10014C0080B483B000AF0B4BD3F8B8327B607B68C4
:10015C00002B01D1002307E07B68D3F81432002B6D
:10016C000CBF01230023DBB218460C37BD4680BC04
:10017C00704700BFF02A002080B59AB000AF00F0A5
:10018C006DFE00F075FA00F03FFC00F01FFC00F073
:10019C00CDFA09F0EFF800F017FB00F053FB00F07C
:1001AC009DFB924801F07CFA914801F079FA904855
:1001BC0000F0B2FF002387F86730002387F8663021
:1001CC00002387F86530002387F86430002387F814
:1001DC006330002387F83D30002387F8623000231A
:1001EC00FB654FF6FF73A7F85A300021814804F0E5
:1001FC0085FC814804F0BAFB4FF400627F497B48D0
:10020C0001F0FCFA7E4B1B685B68C3F500637D4A0A
:10021C0013604FF400717C4802F078F80346002B11
:10022C000CBF0123002387F83D3000F06FFEB8634C
:10023C00BA6BFB6DD31A322B40F28E80724B9B68DB
:10024C00FB86FB8E03F48063002B17D1B7F85A3072
:10025C0003F48063002B11D097F86730002B14BF88
:10026C0001230023DBB283F00103DBB287F8673094
:10027C0097F8673003F0010387F86730FB8E03F4BF
:10028C000063002B17D1B7F85A3003F40063002B2E
:10029C0011D097F86630002B14BF01230023DBB27A
:1002AC0083F00103DBB287F8663097F8663003F011
:1002BC00010387F86630FB8E03F48053002B17D1B3
:1002CC00B7F85A3003F48053002B11D097F86530EF
:1002DC00002B14BF01230023DBB283F00103DBB23C
:1002EC0087F8653097F8653003F0010387F86530BF
:1002FC00FB8E03F48043002B17D1B7F85A3003F46C
:10030C008043002B11D097F86430002B14BF0123CD
:10031C000023DBB283F00103DBB287F8643097F87B
:10032C00643003F0010387F86430B7F93630002BE2
:10033C000DDBB7F95A30002B09DA97F86430002B33
:10034C0005D0012387F86330002387F86430FB8ED7
:10035C00A7F85A30BB6BFB6597F86430002B0AD0BA
:10036C0097F8633083F00103DBB2002B03D00A2033
:10037C0000F0D6FD6AE1224B1B685B68C3F5006395
:10038C003B6300237B6500233B659623FB6262E0A5
:10039C001C4B1B68194A52F82330BB62BB6A9BB2D8
:1003AC00C3F30B03FB8497F8673083F00103DBB2D4
:1003BC00002B2BD0FA8CFB6AC3F500639A4202DA4D
:1003CC00012387F8623097F86230002B39D0FB6A32
:1003DC0003F2FF72FB8C9A4233DA01237B65094BE3
:1003EC001B683B65002387F862302AE098010020E7
:1003FC00C8010020840200203C020020CC02002016
:10040C00F8010020DC2A0020000C0140FA8CFB6A69
:10041C0003F500639A4202DD012387F8623097F8F6
:10042C006230002B0DD0FA8CFB6AC3F500639A4244
:10043C0007DC01237B65864B1B683B65002387F833
:10044C006230844AFB8C1380814B1B680133C3F3ED
:10045C000A037F4A13607E4B1B683A6B9A4202D0A8
:10046C007B6D002B94D07B6D002B12D197F86630EE
:10047C0083F00103DBB2002B0BD000F047FD0246EA
:10048C00754B1B68D31A322B03D901237B653B6B4D
:10049C003B657B6D002B3FF4BCAE00F037FD034693
:1004AC006D4A13604FF400733B626C4B1B685B68C6
:1004BC00C3F50063FB61FA693B6D9A4203D3FA6999
:1004CC003B6DD31A04E0FA693B6DD31A03F5006354
:1004DC00BB61BB693A6A9A4200D9E6E700BF4FF4A8
:1004EC0000515F4801F012FF0346002B0CBF0123A3
:1004FC000023DBB27B613B6DFB640023BB64BB6CF4
:10050C005A1CBA64574AAA21D154BB6C5A1CBA64FF
:10051C00544ABB21D154BB6C5A1CBA64514ACC21ED
:10052C00D154BB6C5A1CBA644E4ADD21D154002301
:10053C007B6466E04C4AFB6C52F823303B613B69B0
:10054C009BB2C3F30B039BB2BB803B691B0C9BB2EE
:10055C00C3F30B039BB2FB8000233B6446E03B6C74
:10056C005B0068333B4433F8643CFB60FB6840F64B
:10057C00E44202FB03F33D4A82FB03121A44D212FB
:10058C00DB17D31ABB607B69002B07D0BB68A3F2C7
:10059C0072639BB25B009BB2FB8708E0BB689BB2AB
:1005AC0003F5F94347339BB25B009BB2FB8797F88B
:1005BC003D30002B06D0FB8F1A46920013445B0093
:1005CC009BB2FB87BB6C5A1CBA64FA8FD1B2254A1A
:1005DC00D154B7F93E301B1219B2BB6C5A1CBA6419
:1005EC00C9B2204AD1543B6C01333B643B6C012BA8
:1005FC00B5DDFB6C0133C3F30A03FB647B6C013385
:10060C007B647B6C3A6A9A4294D8FFF799FD034657
:10061C00002B05D0BB6C9BB21946124808F078FF32
:10062C0097F86330002B05D0002387F86330012343
:10063C0087F86430012000F073FC084B1B685B6882
:10064C00C3F50063C3F30A03014A1360E1E500BF7D
:10065C00DC2A0020E02A0020E42A0020F8010020F7
:10066C00000C0140CC220020CC020020810008802C
:10067C0080B594B000AF07F128032822002118465A
:10068C0009F024FB07F1140300221A605A609A60E7
:10069C00DA601A613B1D00221A605A609A60DA60B7
:1006AC000123BB624FF48033FB6200233B630123C5
:1006BC00BB6302237B644FF48033BB644FF4E013C1
:1006CC00FB6407F12803184603F098FB0346002B44
:1006DC0001D000F027FA0F237B610223BB610023BA
:1006EC00FB614FF480633B6200237B6207F11403D0
:1006FC000221184603F004FE0346002B01D000F043
:10070C0011FA12237B604FF40043FB6000233B6122
:10071C003B1D184603F06EFF0346002B01D000F082
:10072C0001FA00BF5037BD4680BD000080B584B0D3
:10073C0000AF0023FB603B4600221A605A609A60AF
:10074C001F4B204A1A601E4B00229A601C4B002241
:10075C001A731B4B00221A75194B4FF40022DA61E5
:10076C00174B00225A60164B01221A61144800F0F4
:10077C00FBFB0346002B01D000F0D4F94FF4E0232F
:10078C00FB6007F10C0319460D4801F0EDF8034628
:10079C00002B01D000F0C6F900233B6001237B60E5
:1007AC000023BB603B461946054800F07FFD03461D
:1007BC00002B01D000F0B6F900BF1037BD4680BD4C
:1007CC00980100200024014080B584B000AF3B1D8F
:1007DC0000221A605A609A60184B194A1A60174B1B
:1007EC0000229A60154B00221A73144B00221A75C2
:1007FC00124B4FF46022DA61104B00225A600F4BFF
:10080C0001221A610D4800F0AFFB0346002B01D00A
:10081C0000F088F900237B600123BB600023FB60A0
:10082C003B1D1946054800F041FD0346002B01D045
:10083C0000F078F900BF1037BD4680BDC80100201C
:10084C000028014080B586B000AF07F108030022F4
:10085C001A605A609A60DA603B4600221A605A604D
:10086C001C4B1D4A1A601B4B00225A60194B00226C
:10087C009A60184B5322DA60164B00221A61154B02
:10088C0000229A61134804F021F80346002B01D092
:10089C0000F048F94FF48053BB6007F10803194688
:1008AC000C4804F08FFA0346002B01D000F03AF903
:1008BC0020233B6000237B603B461946054804F02F
:1008CC00F9FD0346002B01D000F02CF900BF1837BE
:1008DC00BD4680BD3C0200200004004080B58EB0B7
:1008EC0000AF07F1280300221A605A609A60DA60A0
:1008FC0007F1200300221A605A603B1D00221A6087
:10090C005A609A60DA601A615A619A612D4B2E4ACC
:10091C001A602C4B47225A602A4B00229A60294BB2
:10092C0040F2E732DA60274B00221A61254B002295
:10093C009A61244803F0CAFF0346002B01D000F053
:10094C00F1F84FF48053BB6207F1280319461D4898
:10095C0004F038FA0346002B01D000F0E3F81948F4
:10096C0004F074F80346002B01D000F0DBF80023F0
:10097C003B6200237B6207F120031946114804F007
:10098C0099FD0346002B01D000F0CCF860237B606E
:10099C004FF4FA73BB600023FB6000237B613B1DAB
:1009AC0000221946074804F04BF90346002B01D0EE
:1009BC0000F0B8F8034800F0B3F900BF3837BD4673
:1009CC0080BD00BF840200200008004080B582B0CA
:1009DC0000AF0C4B5B690B4A43F001035361094BAD
:1009EC005B6903F001037B607B68002200210B2014
:1009FC0001F0E3F80B2001F0FCF800BF0837BD460E
:100A0C0080BD00BF0010024080B588B000AF07F178
:100A1C00100300221A605A609A60DA601A4B9B69C4
:100A2C00194A43F020039361174B9B6903F0200391
:100A3C00FB60FB68144B9B69134A43F004039361FE
:100A4C00114B9B6903F00403BB60BB680E4B9B69A5
:100A5C000D4A43F0080393610B4B9B6903F00803A9
:100A6C007B607B684FF47E433B6100237B610123F9
:100A7C00BB6107F110031946044801F0C3FA00BF2B
:100A8C002037BD4680BD00BF00100240000C014065
:100A9C0080B582B000AF0346FB71204803F0B0FF75
:100AAC00FB79032B28D801A252F823F0C90A0008BD
:100ABC00D70A0008E70A0008F50A0008184B0022BC
:100ACC009A62174B5322DA621DE0154B00229A6290
:100ADC00134B40F24732DA6215E0114B31229A6225
:100AEC000F4B5322DA620EE00D4B40F2F3129A6276
:100AFC000B4B5322DA6206E0094B00229A62084B38
:100B0C005322DA6200BF064B00225A62034803F0FC
:100B1C002DFF00BF0837BD4680BD00BF3C02002042
:100B2C000004004080B400AF72B600BF00BFFDE708
:100B3C0080B485B000AF154B9B69144A43F0010398
:100B4C009361124B9B6903F00103BB60BB680F4BB5
:100B5C00DB690E4A43F08053D3610C4BDB6903F025
:100B6C0080537B607B680A4B5B68FB60FB6823F0FF
:100B7C00E063FB60FB6843F00073FB60044AFB68B6
:100B8C00536000BF1437BD4680BC70470010024054
:100B9C000000014080B58AB000AF786007F11803FF
:100BAC0000221A605A609A60DA607B681B683D4AC2
:100BBC0093424BD13C4B9B693B4A43F4007393618A
:100BCC00394B9B6903F400737B617B69364B9B69E2
:100BDC00354A43F004039361334B9B6903F00403E0
:100BEC003B613B690123BB610323FB6107F11803E4
:100BFC0019462E4801F006FA2D4B2E4A1A602C4B42
:100C0C0000225A602A4B00229A60294B8022DA601B
:100C1C00274B4FF400721A61254B4FF400625A6156
:100C2C00234B20229A61224B4FF40052DA61204868
:100C3C0000F0FAFF0346002B01D0FFF773FF7B682F
:100C4C001B4A1A621A4A7B68536226E07B681B684F
:100C5C00194A934221D1144B9B69134A43F4806384
:100C6C009361114B9B6903F48063FB60FB680E4B33
:100C7C009B690D4A43F0040393610B4B9B6903F092
:100C8C000403BB60BB680123BB610323FB6107F159
:100C9C0018031946054801F0B5F900BF2837BD46C1
:100CAC0080BD00BF0024014000100240000801403C
:100CBC00F8010020080002400028014080B485B0F3
:100CCC0000AF78607B681B68124A93420CD1124BC0
:100CDC00DB69114A43F00203D3610F4BDB6903F06C
:100CEC000203FB60FB6810E07B681B680B4A9342B5
:100CFC000BD1094BDB69084A43F00403D361064B63
:100D0C00DB6903F00403BB60BB6800BF1437BD464E
:100D1C0080BC7047000400400010024000080040F6
:100D2C0080B588B000AF786007F1100300221A601C
:100D3C005A609A60DA607B681B680F4A934217D13D
:100D4C000E4B9B690D4A43F0080393610B4B9B6957
:100D5C0003F00803FB60FB6840233B6102237B61CB
:100D6C000223FB6107F110031946054801F04AF90B
:100D7C0000BF2037BD4680BD000800400010024077
:100D8C00000C014080B400AF00BFFDE780B400AFA1
:100D9C0000BFFDE780B400AF00BFFDE780B400AF3B
:100DAC0000BFFDE780B400AF00BFFDE780B400AF2B
:100DBC0000BFBD4680BC704780B400AF00BFBD46CD
:100DCC0080BC704780B400AF00BFBD4680BC70478C
:100DDC0080B500AF00F088F800BF80BD80B500AFD3
:100DEC00024800F0DBFF00BF80BD00BFF80100200F
:100DFC0080B500AF024801F0BCFB00BF80BD00BF56
:100E0C00B437002080B400AF00BFBD4680BC704733
:100E1C00FFF7F8FF0B480C490C4A002302E0D458AA
:100E2C00C4500433C4188C42F9D3094A094C00232A
:100E3C0001E013600432A242FBD308F04FFFFFF72E
:100E4C009BF97047000000207C010020D89D000811
:100E5C007C010020AC3C0020FEE7000080B500AF18
:100E6C00084B1B68074A43F010031360032000F083
:100E7C0099FE0F2000F008F8FFF75AFE00231846E1
:100E8C0080BD00BF0020024080B582B000AF78600A
:100E9C00124B1A68124B1B7819464FF47A73B3FB3A
:100EAC00F1F3B2FBF3F3184600F0B1FE0346002B4E
:100EBC0001D001230EE07B680F2B0AD80022796841
:100ECC004FF0FF3000F079FE064A7B681360002378
:100EDC0000E0012318460837BD4680BD0000002005
:100EEC00080000200400002080B400AF054B1B78E4
:100EFC001A46054B1B681344034A136000BFBD46DA
:100F0C0080BC704708000020E82A002080B400AFA5
:100F1C00024B1B681846BD4680BC7047E82A00206F
:100F2C0080B584B000AF7860FFF7F0FFB8607B68E5
:100F3C00FB60FB68B3F1FF3F05D00A4B1B781A46E8
:100F4C00FB681344FB6000BFFFF7E0FF0246BB6881
:100F5C00D31AFA689A42F7D800BF00BF1037BD46C3
:100F6C0080BD00BF0800002080B586B000AF78605F
:100F7C000023FB7500233B610023BB600023FB6057
:100F8C007B68002B01D10123BEE07B689B68002BA2
:100F9C007B689B6A002B09D17B680022DA627B6834
:100FAC00002283F824207868FFF7F4FD786800F0BD
:100FBC00CFFA0346FB757B689B6A03F01003002B8A
:100FCC0040F09980FB7D002B40F095807B689B6AFC
:100FDC0023F4885323F0020343F002027B689A62E5
:100FEC007B685A687B68DB691A437B681B7B5B00F8
:100FFC001343BA681343BB607B689B68B3F5807F6F
:10100C0003D07B689B68012B02D14FF4807300E006
:10101C0000233A6913433B617B681B7D012B19D17B
:10102C007B681B7B002B09D17B689B69013B5A03B6
:10103C003B69134343F400633B610BE07B689B6AA1
:10104C0043F020027B689A627B68DB6A43F0010202
:10105C007B68DA627B681B685B6823F469417B6898
:10106C001B683A690A435A607B681B689A68284B6C
:10107C0013407A681268B9680B4393607B689B686D
:10108C00B3F5807F03D07B689B68012B04D17B6810
:10109C001B69013B1B05FB607B681B68DB6A23F447
:1010AC0070017B681B68FA680A43DA627B681B680C
:1010BC009A68184B1340BA689A420BD17B6800228D
:1010CC00DA627B689B6A23F0030343F001027B68BE
:1010DC009A6218E07B689B6A23F0120343F01002BB
:1010EC007B689A627B68DB6A43F001027B68DA6298
:1010FC000123FB7507E07B689B6A43F010027B6859
:10110C009A620123FB75FB7D18461837BD4680BDDE
:10111C00FDF7E1FFFE0E1FFF80B584B000AF7860D5
:10112C000023FB737B6893F82430012B01D102233D
:10113C0098E07B68012283F82420786800F0AEF9EF
:10114C000346FB73FB7B002B40F087807B689B6A1C
:10115C0023F4407323F0010343F480727B689A629A
:10116C007B681B68414A934205D1414B5B6803F491
:10117C007023002B15D17B689B6A23F480127B684B
:10118C009A627B681B685B6803F48063002B26D033
:10119C007B689B6A23F4405343F480527B689A62C9
:1011AC001DE07B689B6A43F480127B689A627B68C3
:1011BC001B682F4A934204D07B681B682B4A9342CE
:1011CC000DD12B4B5B6803F48063002B07D07B683D
:1011DC009B6A23F4405343F480527B689A627B6889
:1011EC009B6A03F48053002B06D07B68DB6A23F0E8
:1011FC0006027B68DA6202E07B680022DA627B68B6
:10120C00002283F824207B681B686FF002021A60AE
:10121C007B681B689B6803F46023B3F5602F13D1C4
:10122C007B681B68114A934205D1114B5B6803F430
:10123C007023002B08D17B681B689A687B681B683D
:10124C0042F4A0029A600CE07B681B689A687B6889
:10125C001B6842F480129A6003E07B68002283F8DA
:10126C002420FB7B18461037BD4680BD002801406A
:10127C000024014080B483B000AF786000BF0C370D
:10128C00BD4680BC704780B483B000AF786000BFAF
:10129C000C37BD4680BC704780B483B000AF78601B
:1012AC0000BF0C37BD4680BC7047000080B485B0D1
:1012BC0000AF786039600023FB730023BB607B6850
:1012CC0093F82430012B01D10223DCE07B6801224E
:1012DC0083F824203B685B68062B1CD87B681B6852
:1012EC00596B3B685A6813469B001344053B1F22FD
:1012FC0002FA03F3DB4319403B6818683B685A68F1
:10130C0013469B001344053B00FA03F27B681B68F1
:10131C000A435A633CE03B685B680C2B1CD87B6827
:10132C001B68196B3B685A6813469B001344233B9C
:10133C001F2202FA03F3DB4319403B6818683B6831
:10134C005A6813469B001344233B00FA03F27B6854
:10135C001B680A431A631BE07B681B68D96A3B68ED
:10136C005A6813469B001344413B1F2202FA03F3B5
:10137C00DB4319403B6818683B685A6813469B006E
:10138C001344413B00FA03F27B681B680A43DA62A0
:10139C003B681B68092B1CD97B681B68D9683B68A8
:1013AC001A6813465B0013441E3B072202FA03F330
:1013BC00DB4319403B6898683B681A6813465B002E
:1013CC0013441E3B00FA03F27B681B680A43DA6085
:1013DC0019E07B681B6819693B681A6813465B0047
:1013EC001344072202FA03F3DB4319403B68986865
:1013FC003B681A6813465B00134400FA03F27B68DF
:10140C001B680A431A613B681B68102B03D03B68AE
:10141C001B68112B32D17B681B681D4A934225D166
:10142C007B681B689B6803F40003002B26D17B6848
:10143C001B689A687B681B6842F400029A603B68E0
:10144C001B68102B1AD1134B1B68134AA2FB0323E6
:10145C009A0C13469B0013445B00BB6002E0BB6814
:10146C00013BBB60BB68002BF9D107E07B689B6A32
:10147C0043F020027B689A620123FB737B68002295
:10148C0083F82420FB7B18461437BD4680BC70477C
:10149C00002401400000002083DE1B4380B584B093
:1014AC0000AF78600023FB600023BB607B681B6887
:1014BC009B6803F00103012B40D07B681B689A6882
:1014CC007B681B6842F001029A601F4B1B681F4A25
:1014DC00A2FB03239B0CBB6002E0BB68013BBB601F
:1014EC00BB68002BF9D1FFF711FDF8601FE0FFF787
:1014FC000DFD0246FB68D31A022B18D97B681B68BA
:10150C009B6803F00103012B11D07B689B6A43F0AD
:10151C0010027B689A627B68DB6A43F001027B688D
:10152C00DA627B68002283F82420012307E07B68C1
:10153C001B689B6803F00103012BD8D100231846CC
:10154C001037BD4680BD00BF0000002083DE1B436A
:10155C0080B584B000AF78600023FB607B681B68AB
:10156C009B6803F00103012B2ED17B681B689A68E2
:10157C007B681B6822F001029A60FFF7C7FCF860D9
:10158C001BE0FFF7C3FC0246FB68D31A022B14D9ED
:10159C007B681B689B6803F00103012B0DD17B68F2
:1015AC009B6A43F010027B689A627B68DB6A43F0AB
:1015BC0001027B68DA62012307E07B681B689B6889
:1015CC0003F00103012BDCD0002318461037BD4675
:1015DC0080BD80B584B000AF78607B685B6AFB60CF
:1015EC00FB689B6A03F05003002B27D1FB689B6AB6
:1015FC0043F40072FB689A62FB681B689B6803F4F7
:10160C006023B3F5602F15D1FB681B7B002B11D128
:10161C00FB689B6A23F48072FB689A62FB689B6A86
:10162C0003F48053002B05D1FB689B6A43F0010245
:10163C00FB689A62F868FFF71DFE04E0FB681B6A02
:10164C001B6B7868984700BF1037BD4680BD80B5CE
:10165C0084B000AF78607B685B6AFB60F868FFF76A
:10166C0012FE00BF1037BD4680BD80B584B000AF00
:10167C0078607B685B6AFB60FB689B6A43F04002A6
:10168C00FB689A62FB68DB6A43F00402FB68DA626F
:10169C00F868FFF701FE00BF1037BD4680BD0000A3
:1016AC0090B587B000AF78600023FB750023FB601A
:1016BC007B6893F82430012B01D1022397E07B68DF
:1016CC00012283F824207868FFF742FF0346FB755C
:1016DC007868FFF7E3FE0346FB75FB7D002B40F0BB
:1016EC0081807B689B6A23F4885323F0020343F0C8
:1016FC0002027B689A62404B1C68022003F030F8AF
:10170C000346B4FBF3F35B00FB6002E0FB68013BB8
:10171C00FB60FB68002BF9D17B681B689A687B68BF
:10172C001B6842F008029A60FFF7F0FB38611BE07F
:10173C00FFF7ECFB02463B69D31A0A2B14D97B68E2
:10174C001B689B6803F00803002B0DD07B689B6A19
:10175C0023F0120343F010027B689A627B6800222C
:10176C0083F82420012342E07B681B689B6803F00C
:10177C000803002BDCD17B681B689A687B681B68AC
:10178C0042F004029A60FFF7C1FB38611BE0FFF7DF
:10179C00BDFB02463B69D31A0A2B14D97B681B6824
:1017AC009B6803F00403002B0DD07B689B6A23F02D
:1017BC00120343F010027B689A627B68002283F864
:1017CC002420012313E07B681B689B6803F004034F
:1017DC00002BDCD17B689B6A23F0030343F00102EE
:1017EC007B689A627B68002283F82420FB7D184674
:1017FC001C37BD4690BD00BF0000002080B592B0E4
:10180C0000AFF860B9607A60002387F8473007F1C1
:10181C00140330220021184608F058FAFB6893F89C
:10182C002430012B01D102238FE0FB68012283F8C5
:10183C002420484B7B617B699B6803F46023B3F5E0
:10184C00602F0BD0FB689B6A43F02002FB689A6206
:10185C00FB68002283F82420012376E0F868FFF768
:10186C001DFE034687F8473097F84730002B07D109
:10187C0007F114031846FFF711FE034687F84730AB
:10188C0097F84730002B5AD1FB689A6A324B1340B9
:10189C0043F48072FB689A62FB681B685B6803F414
:1018AC008063002B07D0FB689B6A23F4405343F4FE
:1018BC008052FB689A62FB68002283F82420FB6844
:1018CC000022DA62FB681B6A244A9A62FB681B6A74
:1018DC00234ADA62FB681B6A224A1A63FB681B689C
:1018EC006FF002021A60FB681B689A68FB681B6841
:1018FC0042F480729A60FB68186AFB681B684C3370
:10190C001946BA687B6800F0E9F9FB681B689B68AC
:10191C0003F46023B3F5602F08D1FB681B689A6849
:10192C00FB681B6842F4A0029A600CE0FB681B6821
:10193C009A68FB681B6842F480129A6003E0FB68AB
:10194C00002283F8242097F8473018464837BD46C4
:10195C0080BD00BF00280140FEFCEFFFDF15000832
:10196C005B1600087716000880B590B000AF786061
:10197C003960002387F83F3007F10C033022002137
:10198C00184608F0A3F97B6893F82430012B01D199
:10199C00022332E07B68012283F82420194BFB6080
:1019AC007B681B689B6803F00103012B16D0FB6856
:1019BC009B6803F00103012B10D07B681B68124A53
:1019CC0093420BD17B681B685B6823F470213B68E6
:1019DC001A687B681B680A435A6008E07B689B6A3C
:1019EC0043F020027B689A62012387F83F307B68C2
:1019FC00002283F8242097F83F3018464037BD4624
:101A0C0080BD00BF002801400024014080B485B097
:101A1C0000AF78607B6803F00703FB600C4BDB685E
:101A2C00BB60BA684FF6FF031340BB60FB681A0239
:101A3C00BB68134343F0BF6343F40033BB60044AF9
:101A4C00BB68D36000BF1437BD4680BC704700BF75
:101A5C0000ED00E080B400AF044BDB681B0A03F020
:101A6C0007031846BD4680BC704700BF00ED00E080
:101A7C0080B483B000AF0346FB7197F90730002B9D
:101A8C000BDBFB7903F01F02064997F907305B0962
:101A9C00012000FA02F241F8232000BF0C37BD46AA
:101AAC0080BC704700E100E080B483B000AF034617
:101ABC003960FB7197F90730002B0ADB3B68DAB20F
:101ACC000C4997F907301201D2B20B4483F800236A
:101ADC000AE03B68DAB20849FB7903F00F03043BD8
:101AEC001201D2B20B441A7600BF0C37BD4680BC33
:101AFC00704700BF00E100E000ED00E080B489B069
:101B0C0000AFF860B9607A60FB6803F00703FB6113
:101B1C00FB69C3F10703042B28BF0423BB61FB69DA
:101B2C000433062B02D9FB69033B00E000237B61E5
:101B3C004FF0FF32BB6902FA03F3DA43BB681A4079
:101B4C007B699A404FF0FF317B6901FA03F3D9436B
:101B5C007B680B40134318462437BD4680BC704746
:101B6C0080B582B000AF78607B68013BB3F1807FB9
:101B7C0001D301230FE00A4A7B68013B53600F211C
:101B8C004FF0FF30FFF790FF054B00229A60044B9B
:101B9C0007221A60002318460837BD4680BD00BFD7
:101BAC0010E000E080B582B000AF78607868FFF795
:101BBC002DFF00BF0837BD4680BD80B586B000AF95
:101BCC000346B9607A60FB7300237B61FFF742FF29
:101BDC0078617A68B9687869FFF790FF024697F9DF
:101BEC000F3011461846FFF75FFF00BF1837BD4690
:101BFC0080BD80B582B000AF0346FB7197F907300A
:101C0C001846FFF735FF00BF0837BD4680BD80B5CD
:101C1C0082B000AF78607868FFF7A2FF03461846E1
:101C2C000837BD4680BD000080B485B000AF786039
:101C3C000023FB607B68002B01D1012343E07B6810
:101C4C001B681A46224B1344224AA2FB03231B098E
:101C5C009A007B681A647B681F4ADA637B680222ED
:101C6C0083F821207B681B681B68FB60FB6823F4EE
:101C7C007F5323F03003FB607B685A687B689B685A
:101C8C001A437B68DB681A437B681B691A437B68C1
:101C9C005B691A437B689B691A437B68DB69134356
:101CAC00FA681343FB607B681B68FA681A607B68F0
:101CBC0000229A637B68012283F821207B68002232
:101CCC0083F82020002318461437BD4680BC70478B
:101CDC00F8FFFDBFCDCCCCCC0000024080B586B067
:101CEC0000AFF860B9607A603B600023FB75FB685D
:101CFC0093F82030012B01D102234BE0FB68012229
:101D0C0083F82020FB6893F82130DBB2012B3AD109
:101D1C00FB68022283F82120FB6800229A63FB688F
:101D2C001B681A68FB681B6822F001021A603B688A
:101D3C007A68B968F86800F037F9FB68DB6A002B41
:101D4C0008D0FB681B681A68FB681B6842F00E021F
:101D5C001A600FE0FB681B681A68FB681B6822F0AE
:101D6C0004021A60FB681B681A68FB681B6842F067
:101D7C000A021A60FB681B681A68FB681B6842F051
:101D8C0001021A6005E0FB68002283F82020022380
:101D9C00FB75FB7D18461837BD4680BD80B584B0F9
:101DAC0000AF78607B68DB6B1B68FB607B681B6833
:101DBC001B68BB607B681B6C04229A40FB68134059
:101DCC00002B4FD0BB6803F00403002B4AD07B6878
:101DDC001B681B6803F02003002B07D17B681B6872
:101DEC001A687B681B6822F004021A607B681B6807
:101DFC00664A934229D07B681B68654A934222D07D
:101E0C007B681B68634A93421AD07B681B68624AE2
:101E1C00934212D07B681B68604A93420AD07B685D
:101E2C001B685F4A934202D14FF480030EE04FF0DF
:101E3C0080630BE04FF4802308E04FF4804305E00F
:101E4C004FF4806302E0402300E00423554A5360C2
:101E5C007B68DB6A002B00F094807B68DB6A786817
:101E6C0098478EE07B681B6C02229A40FB681340FB
:101E7C00002B56D0BB6803F00203002B51D07B68BB
:101E8C001B681B6803F02003002B0BD17B681B68BD
:101E9C001A687B681B6822F00A021A607B680122B0
:101EAC0083F821207B681B68384A934229D07B68D1
:101EBC001B68374A934222D07B681B68354A934291
:101ECC001AD07B681B68344A934212D07B681B681B
:101EDC00324A93420AD07B681B68314A934202D142
:101EEC004FF400130EE04FF000730BE04FF400338F
:101EFC0008E04FF4005305E04FF4007302E0202398
:101F0C0000E00223274A53607B68002283F82020DC
:101F1C007B689B6A002B34D07B689B6A78689847F7
:101F2C002FE07B681B6C08229A40FB681340002B47
:101F3C0028D0BB6803F00803002B23D07B681B68F8
:101F4C001A687B681B6822F00E021A607B681A6C98
:101F5C007B68DB6B012101FA02F25A607B6801227B
:101F6C009A637B68012283F821207B68002283F826
:101F7C0020207B681B6B002B04D07B681B6B786864
:101F8C00984700BF00BF1037BD4680BD0800024017
:101F9C001C00024030000240440002405800024045
:101FAC006C0002400000024080B485B000AFF860C5
:101FBC00B9607A603B60FB681A6CFB68DB6B0121D3
:101FCC0001FA02F25A60FB681B683A685A60FB68B7
:101FDC005B68102B08D1FB681B687A689A60FB68F9
:101FEC001B68BA68DA6007E0FB681B68BA689A601D
:101FFC00FB681B687A68DA6000BF1437BD4680BC8A
:10200C007047000080B48BB000AF7860396000235B
:10201C007B6200233B6269E101227B6A02FA03F3D3
:10202C00FB613B681B68FA691340BB61BA69FB69C9
:10203C009A4240F058813B685B689A4A93425ED062
:10204C00984A934275D8984A934258D0964A9342EC
:10205C006FD8964A934252D0944A934269D8944A84
:10206C0093424CD0924A934263D8924A934246D0C0
:10207C00904A93425DD8122B2AD8122B59D801A220
:10208C0052F823F00B210008E5200008F720000887
:10209C00392100083F2100083F2100083F2100089A
:1020AC003F2100083F2100083F2100083F21000884
:1020BC003F2100083F2100083F2100083F21000874
:1020CC003F2100083F210008ED20000801210008F5
:1020DC00794A934213D02CE03B68DB683B6229E0E1
:1020EC003B68DB6804333B6224E03B68DB68083305
:1020FC003B621FE03B68DB680C333B621AE03B68D9
:10210C009B68002B02D104233B6213E03B689B6865
:10211C00012B05D108233B627B68FA691A6109E03F
:10212C0008233B627B68FA695A6103E000233B6237
:10213C0000E000BFBB69FF2B01D87B6801E07B6826
:10214C0004337B61BB69FF2B02D87B6A9B0002E0E6
:10215C007B6A083B9B003B617B691A680F213B69DA
:10216C0001FA03F3DB431A40396A3B6901FA03F3C2
:10217C001A437B691A603B685B6803F08053002B41
:10218C0000F0B1804D4B9B694C4A43F001039361C5
:10219C004A4B9B6903F00103BB60BB68484A7B6AEE
:1021AC009B08023352F82330FB607B6A03F0030375
:1021BC009B000F2202FA03F3DB43FA681340FB6027
:1021CC007B68404A934213D07B683F4A93420DD0C0
:1021DC007B683E4A934207D07B683D4A934201D1CB
:1021EC00032306E0042304E0022302E0012300E0C1
:1021FC0000237A6A02F0030292009340FA681343B8
:10220C00FB602F497B6A9B080233FA6841F8232054
:10221C003B685B6803F48013002B06D02D4B9A6847
:10222C002C49BB6913438B6006E02A4B9A68BB6947
:10223C00DB43284913408B603B685B6803F4001355
:10224C00002B06D0234BDA682249BB691343CB60C1
:10225C0006E0204BDA68BB69DB431E491340CB60B8
:10226C003B685B6803F40033002B06D0194B5A68AB
:10227C001849BB6913434B6006E0164B5A68BB699F
:10228C00DB43144913404B603B685B6803F48033B9
:10229C00002B21D00F4B1A680E49BB6913430B60FE
:1022AC0021E000BF000032100000311000002210AD
:1022BC00000021100000121000001110001002404C
:1022CC000000014000080140000C014000100140DA
:1022DC0000140140000401400B4B1A68BB69DB433E
:1022EC00094913400B607B6A01337B623B681A68B7
:1022FC007B6A22FA03F3002B7FF48EAE00BF00BF83
:10230C002C37BD4680BC70470004014080B485B0BA
:10231C0000AF78600B467B807B689A687B881340A3
:10232C00002B02D00123FB7301E00023FB73FB7B2A
:10233C0018461437BD4680BC704780B584B000AFDA
:10234C0078607B68002B01D10123E8E07B6893F86F
:10235C009132DBB2002B06D17B68002283F89022ED
:10236C00786807F009FA7B68032283F891227B686E
:10237C0000225A717B681B68184603F01CF97B68B5
:10238C0018687B6804330ECB03F0F2F80346002B7D
:10239C0005D07B68022283F891220123BFE07B6881
:1023AC001B680021184603F020F90346002B05D0CA
:1023BC007B68022283F891220123B0E00023FB7397
:1023CC003EE0FA7B796813469B001344DB000B4418
:1023DC00113301221A70FA7B796813469B0013445F
:1023EC00DB000B441033FA7B1A70FA7B79681346C6
:1023FC009B001344DB000B44133300221A70FA7B4E
:10240C00796813469B001344DB000B4420330022F5
:10241C001A60FA7B796813469B001344DB000B446B
:10242C00243300221A60FB7B79685A1C13469B00EC
:10243C001344DB000B4400221A60FB7B0133FB735B
:10244C007B681B79FA7B9A42BBD30023FB7344E075
:10245C00FA7B796813469B001344DB000B4403F2B0
:10246C00511300221A70FA7B796813469B001344AF
:10247C00DB000B4403F5A873FA7B1A70FA7B7968BE
:10248C0013469B001344DB000B4403F2531300224E
:10249C001A70FA7B796813469B001344DB000B44DB
:1024AC0003F5B07300221A60FA7B796813469B001F
:1024BC001344DB000B4403F5B27300221A60FA7B61
:1024CC00796813469B001344DB000B4403F5B4738B
:1024DC0000221A60FB7B0133FB737B681B79FA7B50
:1024EC009A42B5D37B6818687B6804330ECB03F033
:1024FC0088F80346002B05D07B68022283F89122D2
:10250C0001230CE07B6800225A737B68012283F85C
:10251C0091227B681B68184605F007FB00231846C0
:10252C001037BD4680BD80B582B000AF78607B6847
:10253C0093F89032012B01D1022316E07B68012223
:10254C0083F890227B681B68184603F01EF8012163
:10255C00786807F084FB7B681B68184605F0DBFA8B
:10256C007B68002283F89022002318460837BD466A
:10257C0080BD80B588B000AF78607B681B6818465A
:10258C0005F0DDFAB861BB6903F40043002B03D0FE
:10259C00786800F01AFB19E1BB6903F48063002B27
:1025AC0013D07B681B68B3F844309AB27B681B6805
:1025BC0022F4806292B2A3F84420786807F057F9AD
:1025CC000021786800F005F900E1BB6903F4804351
:1025DC00002B0CD07B681B68B3F844309AB27B6834
:1025EC001B6822F4804292B2A3F84420EEE0BB694F
:1025FC0003F40053002B0CD07B681B68B3F84430F9
:10260C009AB27B681B6822F4005292B2A3F8442061
:10261C00DCE0BB6903F48053002B27D07B681B687C
:10262C00B3F840309AB27B681B6822F0040292B275
:10263C00A3F840207B681B68B3F840309AB27B68E3
:10264C001B6822F0080292B2A3F84020786807F0C9
:10265C0047F97B681B68B3F844309AB27B681B68F7
:10266C0022F4805292B2A3F84420AFE0BB6903F489
:10267C000063002B00F083800023FB7710E07B6865
:10268C001B681A46FB7F9B001A44FB7F128892B290
:10269C005B0020333B4423F8182CFB7F0133FB7782
:1026AC00FB7F072BEBD97B681B68B3F840309AB2E1
:1026BC007B681B6842F0010292B2A3F840207B6851
:1026CC001B68B3F840309AB27B681B6822F0010299
:1026DC0092B2A3F8402000BF7B681B68B3F844306B
:1026EC009BB203F48063002BF6D07B681B68B3F8B5
:1026FC0044309AB27B681B6822F4806292B2A3F8D1
:10270C0044200023FB770FE0FB7F7A6812681146A8
:10271C00FA7F92000A445B0020333B4433F8183CA8
:10272C001380FB7F0133FB77FB7F072BECD97B6896
:10273C001B68B3F840309AB27B681B6842F0080201
:10274C0092B2A3F840207B681B68B3F844309AB26D
:10275C007B681B6822F4006292B2A3F844207B6869
:10276C001B68B3F840309AB27B681B6842F00402D5
:10277C0092B2A3F84020786807F098F826E0BB697D
:10278C0003F40073002B0FD07B681B68B3F8443044
:10279C009AB27B681B6822F4007292B2A3F84420B0
:1027AC00786807F056F811E0BB6903F48073002BCE
:1027BC000CD07B681B68B3F844309AB27B681B68FA
:1027CC0022F4807292B2A3F8442000BF2037BD4699
:1027DC0080BD80B582B000AF78600B46FB707B6823
:1027EC0093F89032012B01D1022312E07B68012275
:1027FC0083F890227B68FA785A737B681B68FA78A6
:10280C001146184605F074F97B68002283F8902273
:10281C00002318460837BD4680BD80B584B000AF94
:10282C007860084611461A460346FB700B463B80FF
:10283C001346BB700023FB7297F90330002B0EDAA2
:10284C00FB7803F0070213469B001344DB001033A4
:10285C007A681344FB60FB6801225A700EE0FB7827
:10286C0003F0070213469B001344DB0003F5A87327
:10287C007A681344FB60FB6800225A70FB7803F003
:10288C000703DAB2FB681A703A88FB681A61FB68B6
:10289C00BA78DA70BB78022B02D1FB6800221A716D
:1028AC007B6893F89032012B01D102230EE07B68F8
:1028BC00012283F890227B681B68F968184602F0A5
:1028CC00BDFE7B68002283F89022FB7A18461037F5
:1028DC00BD4680BD80B584B000AF78600B46FB7000
:1028EC0097F90330002B0EDAFB7803F0070213463E
:1028FC009B001344DB0010337A681344FB60FB68C5
:10290C0001225A700EE0FB7803F0070213469B007D
:10291C001344DB0003F5A8737A681344FB60FB686F
:10292C0000225A70FB7803F00703DAB2FB681A70C6
:10293C007B6893F89032012B01D102230EE07B6867
:10294C00012283F890227B681B68F968184603F013
:10295C0035FA7B68002283F8902200231846103742
:10296C00BD4680BD80B586B000AFF8607A603B6034
:10297C000B46FB72FB7A03F0070213469B001344D1
:10298C00DB0003F5A873FA6813447B617B697A68F2
:10299C005A617B693A689A617B690022DA617B69CA
:1029AC0000225A70FB7A03F00703DAB27B691A70C3
:1029BC00FB681B687969184603F0ECFB002318468A
:1029CC001837BD4680BD80B483B000AF78600B462D
:1029DC00FB70FB7803F00702796813469B001344E5
:1029EC00DB000B4403F5B6731B6818460C37BD4669
:1029FC0080BC704780B586B000AFF8607A603B60F1
:102A0C000B46FB72FB7A03F0070213469B00134440
:102A1C00DB001033FA6813447B617B697A685A6176
:102A2C007B693A689A617B69012283F824207B696F
:102A3C003A681A627B690022DA617B6901225A705A
:102A4C00FB7A03F00703DAB27B691A70FB681B6828
:102A5C007969184603F09EFB002318461837BD46CB
:102A6C0080BD80B584B000AF78600B46FB70FB78FE
:102A7C0003F007037A681279934201D901234CE0E1
:102A8C0097F90330002B0EDAFB7803F0070213469C
:102A9C009B001344DB0010337A681344FB60FB6823
:102AAC0001225A700CE0FA7813469B001344DB00A9
:102ABC0003F5A8737A681344FB60FB6800225A7014
:102ACC00FB6801229A70FB7803F00703DAB2FB680B
:102ADC001A707B6893F89032012B01D102231CE011
:102AEC007B68012283F890227B681B68F968184682
:102AFC0004F001FFFB7803F00703002B08D17B687F
:102B0C001A687B6803F526731946104605F026F8FB
:102B1C007B68002283F89022002318461037BD46AC
:102B2C0080BD80B584B000AF78600B46FB70FB783D
:102B3C0003F00F037A681279934201D9012340E024
:102B4C0097F90330002B0EDAFB7803F007021346DB
:102B5C009B001344DB0010337A681344FB60FB6862
:102B6C0001225A700EE0FB7803F0070213469B001B
:102B7C001344DB0003F5A8737A681344FB60FB680D
:102B8C0000225A70FB6800229A70FB7803F007034E
:102B9C00DAB2FB681A707B6893F89032012B01D182
:102BAC0002230EE07B68012283F890227B681B686D
:102BBC00F968184604F0EFFE7B68002283F8902237
:102BCC00002318461037BD4680BD80B596B000AFC7
:102BDC007860BBE37B681B68B3F84430A7F84E30D1
:102BEC00B7F84E30DBB203F00F0387F84D3097F88F
:102BFC004D30002B40F07581B7F84E3003F01003C8
:102C0C00002B4ED17B681B681B889BB223F4E143DD
:102C1C0023F07003FB817B681A68FB896FEA4343DE
:102C2C006FEA53439BB213807B6810337B657B68E0
:102C3C001B68B3F850309BB21A467B6D1B78DB00D7
:102C4C00134402335B007A681268134403F5806303
:102C5C001B88C3F309027B6DDA617B6D5A697B6D4E
:102C6C00DB691A447B6D5A610021786806F0D7FD48
:102C7C007B685B7BDBB2002B00F068837B6D9B6910
:102C8C00002B40F063837B685B7BDBB263F07F03DC
:102C9C00DAB27B681B68A3F84C207B6800225A735D
:102CAC0054E37B6803F5A8737B657B681B681B8802
:102CBC00A7F84A30B7F84A3003F40063002B34D03D
:102CCC007B681B68B3F850309BB21A467B6D1B783F
:102CDC00DB00134406335B007A681268134403F577
:102CEC0080631B88C3F309027B6DDA617B6818680B
:102CFC007B6803F526717B6DDA887B6DDB699BB293
:102D0C0004F07DFF7B681B681B889AB240F68F73BA
:102D1C0013403B827B681B683A8A42F0800292B275
:102D2C001A80786806F04EFD10E3B7F94A30002B94
:102D3C0080F20C837B681B681B889AB240F68F73F9
:102D4C001340FB837B681B68FA8B42F0800292B2C3
:102D5C001A807B681B68B3F850309BB21A467B6DA7
:102D6C001B78DB00134406335B007A68126813444B
:102D7C0003F580631B88C3F309027B6DDA617B6DFD
:102D8C00DB69002B19D07B6D5B69002B15D07B6840
:102D9C0018687B6D59697B6DDA887B6DDB699BB23A
:102DAC0004F02DFF7B6D5A697B6DDB691A447B6DDA
:102DBC005A610021786806F017FD7B681B681B8838
:102DCC00A7F84A30B7F84A3003F40063002B40F000
:102DDC00BD82B7F84A3003F44053B3F5405F00F0BE
:102DEC00B5827B681B68BB617B681B68B3F850308D
:102DFC009BB21A46BB691344BB61BB6903F20C431B
:102E0C007B617B691B889BB2C3F309039AB27B6914
:102E1C001A807B6D1B693E2B1DD97B6D1B695B0971
:102E2C007B647B6D1B6903F01F03002B02D17B6C51
:102E3C00013B7B647B691B889AB27B6C9BB29B02C7
:102E4C009BB213439BB26FEA43436FEA53439AB26C
:102E5C007B691A8026E07B6D1B69002B0AD17B698C
:102E6C001B889BB26FEA43436FEA53439AB27B6968
:102E7C001A8017E07B6D1B695B087B647B6D1B699B
:102E8C0003F00103002B02D07B6C01337B647B6964
:102E9C001B889AB27B6C9BB29B029BB213439AB277
:102EAC007B691A807B681B681B889BB223F4804368
:102EBC0023F070037B827B8A83F480537B827B8A32
:102ECC0083F400537B827B681A687B8A43F07F43D0
:102EDC0043F47F0343F4004343F080039BB213801D
:102EEC0034E27B681B681A4697F84D309B001344FC
:102EFC001B88A7F84A30B7F94A30002B80F2FC80C7
:102F0C007B681B681A4697F84D309B0013441B884E
:102F1C009AB240F68F731340A7F848307B681B6851
:102F2C001A4697F84D309B001344B7F8482042F0EE
:102F3C00800292B21A8097F84D2013469B001344DE
:102F4C00DB0003F5A8737A6813447B657B6D1B7BF0
:102F5C00002B25D17B681B68B3F850309BB21A4606
:102F6C007B6D1B78DB00134406335B007A681268B8
:102F7C00134403F580631B88C3F30903A7F850308F
:102F8C00B7F85030002B00F092807B6818687B6D8E
:102F9C0059697B6DDA88B7F8503004F030FE86E062
:102FAC007B6DDB78022B0AD1B7F84A301A46796D63
:102FBC00786800F0D9F90346A7F8503077E07B68C1
:102FCC001B681A467B6D1B789B0013441B889BB2B5
:102FDC0023F4E04323F07003A7F852307B681B689E
:102FEC001A467B6D1B789B001A44B7F8523043F09D
:102FFC007F4343F47F0343F4004343F0C0039BB28D
:10300C0013807B681B681A467B6D1B789B001344EE
:10301C001B889BB203F48043002B24D07B681B6875
:10302C00B3F850309BB21A467B6D1B78DB0013440F
:10303C0002335B007A681268134403F580631B88C3
:10304C00C3F30903A7F85030B7F85030002B2ED03B
:10305C007B6818687B6D59697B6D1A89B7F850309D
:10306C0004F0CDFD23E07B681B68B3F850309BB2B5
:10307C001A467B6D1B78DB00134406335B007A68C1
:10308C001268134403F580631B88C3F30903A7F884
:10309C005030B7F85030002B09D07B6818687B6D26
:1030AC0059697B6D5A89B7F8503004F0A8FD7B6DD7
:1030BC00DA69B7F850301A447B6DDA617B6D5A6966
:1030CC00B7F850301A447B6D5A617B6D9B69002BAD
:1030DC0005D0B7F850207B6D1B699A4206D27B6DE8
:1030EC001B781946786806F07FFB05E07B681B6847
:1030FC00796D184603F04EF8B7F84A3003F08003A8
:10310C00002B00F0238197F84D2013469B001344AD
:10311C00DB0010337A6813447B657B681B681A46A6
:10312C0097F84D309B0013441B889BB223F4E1436A
:10313C0023F07003A7F842307B681B681A4697F897
:10314C004D309B001A44B7F842306FEA43436FEAA4
:10315C0053439BB213807B6DDB78012B40F0A28034
:10316C007B6D00229A617B6D1B7B002B00F09380A2
:10317C00B7F84A3003F04003002B46D07B6D5B78E8
:10318C00002B26D17B681B687B627B681B68B3F8BD
:10319C0050309BB21A467B6A13447B627B6D1B7862
:1031AC001A017B6A134403F204433B623B6A1B889B
:1031BC009BB2C3F309039AB23B6A1A803B6A1B8821
:1031CC009BB26FEA43436FEA53439AB23B6A1A804D
:1031DC0061E07B6D5B78012B5DD17B681B68FB62CA
:1031EC007B681B68B3F850309BB21A46FB6A1344D9
:1031FC00FB627B6D1B781A01FB6A134403F20443D8
:10320C00BB62BB6A00221A8045E07B681B68FB63CB
:10321C007B6D5B78002B26D17B681B687B637B689E
:10322C001B68B3F850309BB21A467B6B13447B631C
:10323C007B6D1B781A017B6B134403F20C433B63CD
:10324C003B6B1B889BB2C3F309039AB23B6B1A808E
:10325C003B6B1B889BB26FEA43436FEA53439AB2B2
:10326C003B6B1A8017E07B6D5B78012B13D17B686D
:10327C001B68B3F850309BB21A46FB6B1344FB63CC
:10328C007B6D1B781A01FB6B134403F20C43BB637D
:10329C00BB6B00221A807B6D1B781946786806F090
:1032AC00BEFA53E0B7F84A3003F48073002B46D1D2
:1032BC007B681B68B3F850309BB21A467B6D1B7849
:1032CC00DB00134402335B007A681268134403F585
:1032DC0080631B88C3F30903A7F840307B6D9A69A0
:1032EC00B7F840309A4207D97B6D9A69B7F84030ED
:1032FC00D21A7B6D9A6102E07B6D00229A617B6D24
:10330C009B69002B06D17B6D1B781946786806F0FB
:10331C0086FA1BE07B6D5A69B7F840301A447B6D16
:10332C005A617B6DDA69B7F840301A447B6DDA610B
:10333C007B681B68796D184602F02CFF06E0B7F825
:10334C004A301A46796D786800F01BF97B681B6867
:10335C00B3F844309BB21BB2002BFFF63BAC0023FE
:10336C0018465837BD4680BD80B588B000AFF860B0
:10337C00B9601346FB80FB8803F48043002B7ED09E
:10338C00FB681B68B3F850309BB21A46BB681B78BD
:10339C00DB00134402335B00FA681268134403F534
:1033AC0080631B88C3F309037B83BB689A697B8B9F
:1033BC009A4206D3BB689A697B8BD21ABB689A6116
:1033CC0002E0BB6800229A61BB689B69002B23D189
:1033DC00FB681B681A46BB681B789B0013441B8850
:1033EC009BB223F4804323F070033B833B8B83F429
:1033FC0000533B83FB681B681A46BB681B789B0019
:10340C001A443B8B43F07F4343F47F0343F4004364
:10341C0043F080039BB21380FB8803F04003002B26
:10342C001FD0FB681B681A46BB681B789B001344B3
:10343C001B889BB223F4E04323F07003FB82FB68F0
:10344C001B681A46BB681B789B001A44FB8A43F026
:10345C007F4343F47F0343F4004343F0C0039BB228
:10346C0013807B8B002B00F08780FB681868BB688F
:10347C005969BB681A897B8B04F0C1FB7CE0FB6843
:10348C001B68B3F850309BB21A46BB681B78DB0044
:10349C00134406335B00FA681268134403F5806327
:1034AC001B88C3F309037B83BB689A697B8B9A42A5
:1034BC0006D3BB689A697B8BD21ABB689A6102E00F
:1034CC00BB6800229A61BB689B69002B23D1FB6807
:1034DC001B681A46BB681B789B0013441B889BB265
:1034EC0023F4804323F07003FB83FB8B83F40053A2
:1034FC00FB83FB681B681A46BB681B789B001A444D
:10350C00FB8B43F07F4343F47F0343F4004343F0CE
:10351C0080039BB21380FB8803F04003002B1FD168
:10352C00FB681B681A46BB681B789B0013441B88FE
:10353C009BB223F4E04323F07003BB83FB681B684E
:10354C001A46BB681B789B001A44BB8B43F07F4325
:10355C0043F47F0343F4004343F0C0039BB2138056
:10356C007B8B002B08D0FB681868BB685969BB685B
:10357C005A897B8B04F043FB7B8B18462037BD4666
:10358C0080BD80B5A4B000AFF860B9601346FB8075
:10359C00FB8803F04003002B00F0DD81FB681B6807
:1035AC00B3F850309BB21A46BB681B78DB0013444F
:1035BC0002335B00FA681268134403F580631B88BE
:1035CC00C3F30903A7F88630BB689A69B7F886304D
:1035DC009A4207D9BB689A69B7F88630D21ABB6889
:1035EC009A6102E0BB6800229A61BB689B69002B60
:1035FC0040F0B980BB685B78002B26D1FB681B6858
:10360C00FB62FB681B68B3F850309BB21A46FB6A2E
:10361C001344FB62BB681B781A01FB6A134403F268
:10362C000443BB62BB6A1B889BB2C3F309039AB207
:10363C00BB6A1A80BB6A1B889BB26FEA43436FEA72
:10364C0053439AB2BB6A1A801AE0BB685B78012BB1
:10365C0016D1FB681B687B63FB681B68B3F85030A2
:10366C009BB21A467B6B13447B63BB681B781A01B5
:10367C007B6B134403F204433B633B6B00221A80C5
:10368C00FB681B687B62BB685B78002B26D1FB68F0
:10369C001B68FB61FB681B68B3F850309BB21A4681
:1036AC00FB691344FB61BB681B781A01FB6913446B
:1036BC0003F20C43BB61BB691B889BB2C3F30903C8
:1036CC009AB2BB691A80BB691B889BB26FEA4343F1
:1036DC006FEA53439AB2BB691A8017E0BB685B78F8
:1036EC00012B13D1FB681B68B3F850309BB21A4600
:1036FC007B6A13447B62BB681B781A017B6A134498
:10370C0003F20C433B623B6A00221A80BB681B78B5
:10371C001946F86806F083F8FB8803F48043002B05
:10372C0000F0FC82FB681B681A46BB681B789B0088
:10373C0013441B889BB223F4E04323F07003FB82F9
:10374C00FB681B681A46BB681B789B001A44FB8AF3
:10375C0043F07F4343F47F0343F4404343F080033F
:10376C009BB21380DAE2FB8803F48043002B21D058
:10377C00FB681B681A46BB681B789B0013441B88AC
:10378C009BB223F4E04323F07003A7F88A30FB6864
:10379C001B681A46BB681B789B001A44B7F88A3022
:1037AC0043F07F4343F47F0343F4404343F08003EF
:1037BC009BB21380BB6893F82430012B40F0AE828F
:1037CC00BB685A69B7F886301A44BB685A61BB6843
:1037DC00DA69B7F886301A44BB68DA61BB681A6AD2
:1037EC00BB681B699A420BD3BB681B69C7F88C304A
:1037FC00BB681A6AD7F88C30D21ABB681A6217E009
:10380C00BB681B6A002B08D1B7F88630C7F88C3020
:10381C00BB68002283F824200AE0BB68002283F8EE
:10382C002420BB681B6AC7F88C30BB6800221A6264
:10383C00BB685B78002B65D1FB681B68FB63FB687E
:10384C001B68B3F850309BB21A46FB6B1344FB63F6
:10385C00BB681B781A01FB6B134403F20443BB6374
:10386C00BB6B1B889BB2C3F309039AB2BB6B1A8068
:10387C00D7F88C303E2B1DD9D7F88C305B09BB6444
:10388C00D7F88C3003F01F03002B02D1BB6C013B2B
:10389C00BB64BB6B1B889AB2BB6C9BB29B029BB28A
:1038AC0013439BB26FEA43436FEA53439AB2BB6B29
:1038BC001A8044E0D7F88C30002B0AD1BB6B1B88E4
:1038CC009BB26FEA43436FEA53439AB2BB6B1A80C5
:1038DC0035E0D7F88C305B08BB64D7F88C3003F03C
:1038EC000103002B02D0BB6C0133BB64BB6B1B8888
:1038FC009AB2BB6C9BB29B029BB213439AB2BB6B4A
:10390C001A801CE0BB685B78012B18D1FB681B6824
:10391C007B64FB681B68B3F850309BB21A467B6C17
:10392C0013447B64BB681B781A017B6C134403F251
:10393C0004433B64D7F88C309AB23B6C1A80FB681A
:10394C001868BB685969BB681A89D7F88C309BB268
:10395C0004F00FF9E2E1FB681B68B3F850309BB23E
:10396C001A46BB681B78DB00134406335B00FA680D
:10397C001268134403F580631B88C3F30903A7F88B
:10398C008630BB689A69B7F886309A4207D3BB6811
:10399C009A69B7F88630D21ABB689A6102E0BB68A4
:1039AC0000229A61BB689B69002B40F0C080BB6809
:1039BC005B78002B26D1FB681B68FB67FB681B68D8
:1039CC00B3F850309BB21A46FB6F1344FB67BB68CD
:1039DC001B781A01FB6F134403F20443BB67BB6FE4
:1039EC001B889BB2C3F309039AB2BB6F1A80BB6FDF
:1039FC001B889BB26FEA43436FEA53439AB2BB6F87
:103A0C001A801AE0BB685B78012B16D1FB681B6827
:103A1C007B66FB681B68B3F850309BB21A467B6E12
:103A2C0013447B66BB681B781A017B6E134403F24C
:103A3C0004433B663B6E00221A80FB681B687B6765
:103A4C00BB685B78002B2BD1FB681B68FB66FB68A3
:103A5C001B68B3F850309BB21A46FB6E1344FB66DE
:103A6C00BB681B781A01FB6E134403F20C43C7F8B6
:103A7C008030D7F880301B889BB2C3F309039AB20D
:103A8C00D7F880301A80D7F880301B889BB26FEA49
:103A9C0043436FEA53439AB2D7F880301A8017E049
:103AAC00BB685B78012B13D1FB681B68B3F85030F3
:103ABC009BB21A467B6F13447B67BB681B781A0159
:103ACC007B6F134403F20C433B673B6F00221A805D
:103ADC00BB681B781946F86805F0A1FEFB8803F457
:103AEC008043002B40F01A81FB681B681A46BB68A8
:103AFC001B789B0013441B889BB223F4E04323F0F8
:103B0C007003A7F88830FB681B681A46BB681B78E3
:103B1C009B001A44B7F8883043F07F4343F47F038B
:103B2C0043F4404343F080039BB21380F6E0FB88E0
:103B3C0003F48043002B21D1FB681B681A46BB6839
:103B4C001B789B0013441B889BB223F4E04323F0A7
:103B5C007003A7F84E30FB681B681A46BB681B78CD
:103B6C009B001A44B7F84E3043F07F4343F47F0375
:103B7C0043F4404343F080039BB21380BB6893F83B
:103B8C002430012B40F0CA80BB685A69B7F88630E4
:103B9C001A44BB685A61BB68DA69B7F886301A44B4
:103BAC00BB68DA61BB681A6ABB681B699A420BD3A3
:103BBC00BB681B69C7F88C30BB681A6AD7F88C30A5
:103BCC00D21ABB681A6217E0BB681B6A002B08D1BB
:103BDC00B7F88630C7F88C30BB68002283F82420F5
:103BEC000AE0BB681B6AC7F88C30BB6800221A62FB
:103BFC00BB68002283F82420FB681B687B65BB68CC
:103C0C005B78002B65D1FB681B68FB65FB681B6848
:103C1C00B3F850309BB21A46FB6D1344FB65BB687E
:103C2C001B781A01FB6D134403F20C43BB65BB6D8F
:103C3C001B889BB2C3F309039AB2BB6D1A80D7F8E9
:103C4C008C303E2B1DD9D7F88C305B09BB66D7F86E
:103C5C008C3003F01F03002B02D1BB6E013BBB6603
:103C6C00BB6D1B889AB2BB6E9BB29B029BB213437B
:103C7C009BB26FEA43436FEA53439AB2BB6D1A800F
:103C8C0041E0D7F88C30002B0AD1BB6D1B889BB25E
:103C9C006FEA43436FEA53439AB2BB6D1A8032E02A
:103CAC00D7F88C305B08BB66D7F88C3003F0010377
:103CBC00002B02D0BB6E0133BB66BB6D1B889AB266
:103CCC00BB6E9BB29B029BB213439AB2BB6D1A8024
:103CDC0019E0BB685B78012B15D1FB681B68B3F846
:103CEC0050309BB21A467B6D13447B65BB681B78C6
:103CFC001A017B6D134403F20C433B65D7F88C30EF
:103D0C009AB23B6D1A80FB681868BB685969BB682E
:103D1C005A89D7F88C309BB203F02BFFFB681B68D9
:103D2C001A46BB681B789B0013441B889BB223F478
:103D3C00E04323F04003BB82BB8A83F01003BB82B9
:103D4C00BB8A83F02003BB82FB681B681A46BB68E6
:103D5C001B789B001A44BB8A43F07F4343F47F03D8
:103D6C0043F4004343F080039BB2138000231846B6
:103D7C009037BD4680BD80B487B000AFF8607B60E3
:103D8C000B467B8113463B817B8903F080039BB2FE
:103D9C00002B0BD07B8903F0070213469B001344C6
:103DAC00DB001033FA6813447B6109E07A8913460F
:103DBC009B001344DB0003F5A873FA6813447B6182
:103DCC003B89002B07D17B6900221A737B689AB25E
:103DDC007B69DA800BE07B6901221A737B689AB2EB
:103DEC007B691A817B681B0C9AB27B695A81002310
:103DFC0018461C37BD4680BC7047000080B586B0A5
:103E0C0000AF78607B68002B01D1012372E27B68E4
:103E1C001B6803F00103002B00F08780924B5B685A
:103E2C0003F00C03042B0CD08F4B5B6803F00C03DA
:103E3C00082B12D18C4B5B6803F48033B3F5803FB5
:103E4C000BD1894B1B6803F40033002B6CD07B68BF
:103E5C005B68002B68D101234CE27B685B68B3F58F
:103E6C00803F06D1804B1B687F4A43F4803313603C
:103E7C002EE07B685B68002B0CD17B4B1B687A4A6D
:103E8C0023F480331360784B1B68774A23F4802328
:103E9C0013601DE07B685B68B3F5A02F0CD1724BEF
:103EAC001B68714A43F4802313606F4B1B686E4A86
:103EBC0043F4803313600BE06B4B1B686A4A23F4AA
:103ECC0080331360684B1B68674A23F480231360AC
:103EDC007B685B68002B13D0FDF718F8386108E09D
:103EEC00FDF714F802463B69D31A642B01D903235E
:103EFC0000E25D4B1B6803F40033002BF0D014E0A0
:103F0C00FDF704F8386108E0FDF700F802463B695C
:103F1C00D31A642B01D90323ECE1534B1B6803F434
:103F2C000033002BF0D100E000BF7B681B6803F06E
:103F3C000203002B63D04C4B5B6803F00C03002B8B
:103F4C000BD0494B5B6803F00C03082B1CD1464B80
:103F5C005B6803F48033002B16D1434B1B6803F0D2
:103F6C000203002B05D07B681B69012B01D00123B8
:103F7C00C0E13D4B1B6823F0F8027B685B69DB00FA
:103F8C00394913430B603AE07B681B69002B20D046
:103F9C00364B01221A60FCF7B9FF386108E0FCF7D8
:103FAC00B5FF02463B69D31A022B01D90323A1E1C9
:103FBC002D4B1B6803F00203002BF0D02A4B1B681F
:103FCC0023F0F8027B685B69DB00274913430B6025
:103FDC0015E0264B00221A60FCF798FF386108E0C8
:103FEC00FCF794FF02463B69D31A022B01D9032339
:103FFC0080E11D4B1B6803F00203002BF0D17B68A2
:10400C001B6803F00803002B3AD07B689B69002BDC
:10401C0019D0174B01221A60FCF778FF386108E0C1
:10402C00FCF774FF02463B69D31A022B01D9032318
:10403C0060E10D4B5B6A03F00203002BF0D0012012
:10404C0000F0BAFA1CE00A4B00221A60FCF75EFF83
:10405C0038610FE0FCF75AFF02463B69D31A022B7A
:10406C0008D9032346E100BF001002400000424281
:10407C0080044242924B5B6A03F00203002BE9D1AD
:10408C007B681B6803F00403002B00F0A680002360
:10409C00FB758B4BDB6903F08053002B0DD1884BE8
:1040AC00DB69874A43F08053D361854BDB6903F0AE
:1040BC008053BB60BB680123FB75824B1B6803F408
:1040CC008073002B18D17F4B1B687E4A43F480739E
:1040DC001360FCF71BFF386108E0FCF717FF024682
:1040EC003B69D31A642B01D9032303E1754B1B687D
:1040FC0003F48073002BF0D07B68DB68012B06D1B6
:10410C006F4B1B6A6E4A43F0010313622DE07B6810
:10411C00DB68002B0CD16A4B1B6A694A23F0010344
:10412C001362674B1B6A664A23F0040313621CE09C
:10413C007B68DB68052B0CD1614B1B6A604A43F032
:10414C00040313625E4B1B6A5D4A43F00103136266
:10415C000BE05B4B1B6A5A4A23F001031362584B6A
:10416C001B6A574A23F0040313627B68DB68002B3D
:10417C0015D0FCF7CBFE38610AE0FCF7C7FE02460F
:10418C003B69D31A41F28832934201D90323B1E03F
:10419C004B4B1B6A03F00203002BEED014E0FCF730
:1041AC00B5FE38610AE0FCF7B1FE02463B69D31A52
:1041BC0041F28832934201D903239BE0404B1B6AA6
:1041CC0003F00203002BEED1FB7D012B05D13C4B00
:1041DC00DB693B4A23F08053D3617B68DB69002B9E
:1041EC0000F08780364B5B6803F00C03082B61D022
:1041FC007B68DB69022B46D1334B00221A60FCF73B
:10420C0085FE386108E0FCF781FE02463B69D31A53
:10421C00022B01D903236DE0294B1B6803F00073BB
:10422C00002BF0D17B681B6AB3F5803F08D1244B7F
:10423C005B6823F400327B689B68214913434B6015
:10424C001F4B5B6823F474127B68196A7B685B6A8A
:10425C000B431B4913434B601B4B01221A60FCF7A9
:10426C0055FE386108E0FCF751FE02463B69D31A53
:10427C00022B01D903233DE0114B1B6803F00073A3
:10428C00002BF0D035E0104B00221A60FCF73EFEFC
:10429C00386108E0FCF73AFE02463B69D31A022B60
:1042AC0001D9032326E0064B1B6803F00073002B97
:1042BC00F0D11EE07B68DB69012B07D1012319E0EB
:1042CC000010024000700040600042420B4B5B68E3
:1042DC00FB60FB6803F480327B681B6A9A4206D150
:1042EC00FB6803F470127B685B6A9A4201D001236D
:1042FC0000E0002318461837BD4680BD0010024070
:10430C0080B584B000AF786039607B68002B01D138
:10431C000123D0E06A4B1B6803F007033A689A420A
:10432C0010D9674B1B6823F0070265493B681343A0
:10433C000B60634B1B6803F007033A689A4201D089
:10434C000123B8E07B681B6803F00203002B20D02C
:10435C007B681B6803F00403002B05D0594B5B688A
:10436C00584A43F4E06353607B681B6803F008030E
:10437C00002B05D0534B5B68524A43F46053536097
:10438C00504B5B6823F0F0027B689B684D491343EC
:10439C004B607B681B6803F00103002B40D07B68EB
:1043AC005B68012B07D1474B1B6803F40033002BD0
:1043BC0015D101237FE07B685B68022B07D1414B51
:1043CC001B6803F00073002B09D1012373E03D4BF4
:1043DC001B6803F00203002B01D101236BE0394B66
:1043EC005B6823F003027B685B68364913434B60C0
:1043FC00FCF78CFDF8600AE0FCF788FD0246FB68D0
:10440C00D31A41F28832934201D9032353E02D4B46
:10441C005B6803F00C027B685B689B009A42EBD1F3
:10442C00274B1B6803F007033A689A4210D2244BBF
:10443C001B6823F0070222493B6813430B60204B97
:10444C001B6803F007033A689A4201D0012332E05B
:10445C007B681B6803F00403002B08D0194B5B68C6
:10446C0023F4E0627B68DB68164913434B607B687E
:10447C001B6803F00803002B09D0124B5B6823F474
:10448C0060527B681B69DB000E4913434B6000F0E4
:10449C0021F802460B4B5B681B0903F00F030A491A
:1044AC00CB5C22FA03F3094A1360094B1B681846CC
:1044BC00FCF7EAFC002318461037BD4680BD00BF50
:1044CC000020024000100240909D000800000020D7
:1044DC000400002080B487B000AF0023FB600023F1
:1044EC00BB6000237B6100237B6000233B611E4B80
:1044FC005B68FB60FB6803F00C03042B02D0082BF9
:10450C0003D027E0194B3B6127E0FB689B0C03F0C1
:10451C000F03174AD35C7B60FB6803F48033002BDA
:10452C0010D0114B5B685B0C03F00103114AD35C98
:10453C00BB607B680D4A03FB02F2BB68B2FBF3F372
:10454C007B6104E07B680C4A02FB03F37B617B69B3
:10455C003B6102E0054B3B6100BF3B6918461C37D1
:10456C00BD4680BC704700BF0010024000127A00AC
:10457C00A89D0008B89D000800093D0080B400AF5C
:10458C00024B1B681846BD4680BC704700000020DB
:10459C0080B500AFFFF7F2FF0246054B5B68DB0A04
:1045AC0003F007030349CB5C22FA03F3184680BDE2
:1045BC0000100240A09D000880B485B000AF786068
:1045CC000A4B1B680A4AA2FB03235B0A7A6802FBAC
:1045DC0003F3FB6000BFFB685A1EFA60002BF9D195
:1045EC0000BF00BF1437BD4680BC704700000020E0
:1045FC00D34D621080B586B000AF786000233B616C
:10460C000023FB607B681B6803F00103002B7DD04B
:10461C000023FB754F4BDB6903F08053002B0DD14E
:10462C004C4BDB694B4A43F08053D361494BDB69FC
:10463C0003F08053BB60BB680123FB75464B1B68C2
:10464C0003F48073002B18D1434B1B68424A43F48C
:10465C0080731360FCF75AFC386108E0FCF756FCD9
:10466C0002463B69D31A642B01D903236DE03A4B04
:10467C001B6803F48073002BF0D0364B1B6A03F4D9
:10468C004073FB60FB68002B2ED07B685B6803F4E7
:10469C004073FA689A4227D02E4B1B6A23F440735E
:1046AC00FB602E4B01221A602C4B00221A60294A07
:1046BC00FB681362FB6803F00103002B14D0FCF7BA
:1046CC0025FC38610AE0FCF721FC02463B69D31A51
:1046DC0041F28832934201D9032336E01D4B1B6A09
:1046EC0003F00203002BEED01A4B1B6A23F440722A
:1046FC007B685B68174913430B62FB7D012B05D16B
:10470C00144BDB69134A23F08053D3617B681B681D
:10471C0003F00203002B08D00E4B5B6823F44042DD
:10472C007B689B680B4913434B607B681B6803F0E9
:10473C001003002B08D0074B5B6823F480027B68C6
:10474C00DB68044913434B60002318461837BD46F9
:10475C0080BD00BF00100240007000404004424287
:10476C0080B588B000AF786000237B610023FB61CB
:10477C0000233B610023FB600023BB617B68102B93
:10478C000AD07B68102B00F28A807B68012B45D005
:10479C007B68022B75D082E0464B5B68FB60454B17
:1047AC001B6803F08073002B7BD0FB689B0C03F021
:1047BC000F03414AD35C3B61FB6803F48033002B4D
:1047CC0015D03C4B5B685B0C03F001033B4AD35C9C
:1047DC007B61FB6803F48033002B0DD0384A7B6976
:1047EC00B2FBF3F23B6902FB03F3FB6104E03B69B0
:1047FC00344A02FB03F3FB612E4B5B6803F480032A
:10480C00B3F5800F02D1FB69BB614AE0FB695B0029
:10481C002D4AA2FB03235B08BB6142E0254B1B6ABC
:10482C00FB60FB6803F44073B3F5807F08D1FB6831
:10483C0003F00203002B03D04FF40043BB611FE0D5
:10484C00FB6803F44073B3F5007F09D1194B5B6A25
:10485C0003F00203002B03D049F64043BB610FE089
:10486C00FB6803F44073B3F5407F1CD1114B1B68FC
:10487C0003F40033002B16D04FF22443BB6112E03B
:10488C0011E0FFF785FE02460A4B5B689B0B03F0B9
:10489C00030301335B00B2FBF3F3BB6104E000BF25
:1048AC0002E000BF00E000BFBB6918462037BD46E0
:1048BC0080BD00BF00100240BC9D0008CC9D0008CC
:1048CC0000127A0000093D00ABAAAAAA80B582B0FA
:1048DC0000AF78607B68002B01D1012341E07B683D
:1048EC0093F83D30DBB2002B06D17B68002283F8B5
:1048FC003C207868FCF7E2F97B68022283F83D20C3
:10490C007B681A687B6804331946104600F022FB5A
:10491C007B68012283F846207B68012283F83E20C5
:10492C007B68012283F83F207B68012283F84020BA
:10493C007B68012283F841207B68012283F84220A6
:10494C007B68012283F843207B68012283F8442092
:10495C007B68012283F845207B68012283F83D2087
:10496C00002318460837BD4680BD000080B485B0D2
:10497C0000AF78607B6893F83D30DBB2012B01D03F
:10498C00012332E07B68022283F83D207B681B68A0
:10499C00184A93420ED07B681B68B3F1804F09D044
:1049AC007B681B68144A934204D07B681B68134ACB
:1049BC00934211D17B681B689B6803F00703FB6073
:1049CC00FB68062B10D07B681B681A687B681B6819
:1049DC0042F001021A6007E07B681B681A687B686A
:1049EC001B6842F001021A60002318461437BD46BA
:1049FC0080BC7047002C01400004004000080040BF
:104A0C0080B483B000AF78607B681B681A6A41F28F
:104A1C0011131340002B0FD17B681B681A6A40F2EC
:104A2C0044431340002B07D17B681B681A687B68D2
:104A3C001B6822F001021A607B68012283F83D207A
:104A4C00002318460C37BD4680BC704780B582B039
:104A5C0000AF78607B68002B01D1012341E07B68BB
:104A6C0093F83D30DBB2002B06D17B68002283F833
:104A7C003C20786800F039F87B68022283F83D20EE
:104A8C007B681A687B6804331946104600F062FA9A
:104A9C007B68012283F846207B68012283F83E2044
:104AAC007B68012283F83F207B68012283F8402039
:104ABC007B68012283F841207B68012283F8422025
:104ACC007B68012283F843207B68012283F8442011
:104ADC007B68012283F845207B68012283F83D2006
:104AEC00002318460837BD4680BD80B483B000AFA4
:104AFC00786000BF0C37BD4680BC704780B584B071
:104B0C0000AF786039603B68002B09D17B6893F863
:104B1C003E30DBB2012B14BF01230023DBB222E0B9
:104B2C003B68042B09D17B6893F83F30DBB2012B37
:104B3C0014BF01230023DBB215E03B68082B09D11D
:104B4C007B6893F84030DBB2012B14BF01230023A8
:104B5C00DBB208E07B6893F84130DBB2012B14BF69
:104B6C0001230023DBB2002B01D001235EE03B6864
:104B7C00002B04D17B68022283F83E2013E03B68B3
:104B8C00042B04D17B68022283F83F200BE03B68A6
:104B9C00082B04D17B68022283F8402003E07B6859
:104BAC00022283F841207B681B6801223968184671
:104BBC0000F05CFC7B681B681E4A934207D17B6843
:104BCC001B685A6C7B681B6842F400425A647B6811
:104BDC001B68184A93420ED07B681B68B3F1804F58
:104BEC0009D07B681B68144A934204D07B681B680D
:104BFC00124A934211D17B681B689B6803F0070330
:104C0C00FB60FB68062B10D07B681B681A687B68FE
:104C1C001B6842F001021A6007E07B681B681A6887
:104C2C007B681B6842F001021A600023184610379B
:104C3C00BD4680BD002C014000040040000800402F
:104C4C0080B586B000AFF860B9607A600023FB7560
:104C5C00FB6893F83C30012B01D10223AEE0FB68DA
:104C6C00012283F83C207B680C2B00F29F8001A270
:104C7C0052F823F0B54C0008B94D0008B94D0008A6
:104C8C00B94D0008F54C0008B94D0008B94D0008A5
:104C9C00B94D0008374D0008B94D0008B94D000852
:104CAC00B94D0008774D0008FB681B68B9681846B9
:104CBC0000F0BEF9FB681B689A69FB681B6842F040
:104CCC0008029A61FB681B689A69FB681B6822F0F2
:104CDC0004029A61FB681B689969BB681A69FB68D6
:104CEC001B680A439A6164E0FB681B68B968184644
:104CFC0000F004FAFB681B689A69FB681B6842F4B5
:104D0C0000629A61FB681B689A69FB681B6822F455
:104D1C0080629A61FB681B689969BB681B691A02FF
:104D2C00FB681B680A439A6143E0FB681B68B9681F
:104D3C00184600F04DFAFB681B68DA69FB681B68C3
:104D4C0042F00802DA61FB681B68DA69FB681B68D1
:104D5C0022F00402DA61FB681B68D969BB681A6926
:104D6C00FB681B680A43DA6123E0FB681B68B968BF
:104D7C00184600F097FAFB681B68DA69FB681B6839
:104D8C0042F40062DA61FB681B68DA69FB681B6835
:104D9C0022F48062DA61FB681B68D969BB681B6905
:104DAC001A02FB681B680A43DA6102E00123FB75F7
:104DBC0000BFFB68002283F83C20FB7D18461837A7
:104DCC00BD4680BD80B584B000AF786039600023EB
:104DDC00FB737B6893F83C30012B01D10223B4E0C8
:104DEC007B68012283F83C207B68022283F83D20FB
:104DFC007B681B689B68BB60BB6823F07703BB6058
:104E0C00BB6823F47F43BB607B681B68BA689A60FD
:104E1C003B681B68B3F5005F3ED0B3F5005F00F252
:104E2C008780B3F5805F00F08680B3F5805F7FD814
:104E3C00702B1AD0702B7BD8602B50D0602B77D86E
:104E4C00502B3CD0502B73D8402B58D0402B6FD8C4
:104E5C00302B64D0302B6BD8202B60D0202B67D814
:104E6C00002B5CD0102B5AD062E07B6818683B6832
:104E7C0099683B685A683B68DB6800F0D8FA7B6835
:104E8C001B689B68BB60BB6843F07703BB607B68A7
:104E9C001B68BA689A604FE07B6818683B68996831
:104EAC003B685A683B68DB6800F0C1FA7B681B689A
:104EBC009A687B681B6842F480429A603CE07B688D
:104ECC0018683B6859683B68DB681A4600F038FA8A
:104EDC007B681B685021184600F08FFA2CE07B6829
:104EEC0018683B6859683B68DB681A4600F056FA4C
:104EFC007B681B686021184600F07FFA1CE07B6819
:104F0C0018683B6859683B68DB681A4600F018FA69
:104F1C007B681B684021184600F06FFA0CE07B6838
:104F2C001A683B681B681946104600F066FA03E0E5
:104F3C000123FB7300E000BF7B68012283F83D2056
:104F4C007B68002283F83C20FB7B18461037BD465B
:104F5C0080BD000080B485B000AF786039607B689C
:104F6C001B68FB607B682F4A93420BD07B68B3F1C4
:104F7C00804F07D07B682C4A934203D07B682B4A26
:104F8C00934208D1FB6823F07003FB603B685B68BD
:104F9C00FA681343FB607B68224A93420BD07B6810
:104FAC00B3F1804F07D07B681F4A934203D07B68D4
:104FBC001E4A934208D1FB6823F44073FB603B68A4
:104FCC00DB68FA681343FB60FB6823F080023B68E4
:104FDC005B691343FB607B68FA681A603B689A68EC
:104FEC007B68DA623B681A687B689A627B680D4A58
:104FFC00934203D13B681A697B681A637B68012270
:10500C005A617B681B6903F00103002B05D07B6898
:10501C001B6923F001027B681A6100BF1437BD467F
:10502C0080BC7047002C0140000400400008004088
:10503C0080B487B000AF786039607B681B6A7B6195
:10504C007B681B6A23F001027B681A627B685B68D1
:10505C003B617B689B69FB60FB6823F07003FB6022
:10506C00FB6823F00303FB603B681B68FA6813437F
:10507C00FB607B6923F002037B613B689B687A6968
:10508C0013437B617B681C4A93420CD17B6923F0F0
:10509C0008037B613B68DB687A6913437B617B693E
:1050AC0023F004037B617B68134A934211D13B6963
:1050BC0023F480733B613B6923F400733B613B68D1
:1050CC005B693A6913433B613B689B693A691343DB
:1050DC003B617B683A695A607B68FA689A613B6805
:1050EC005A687B685A637B687A691A6200BF1C37FE
:1050FC00BD4680BC704700BF002C014080B487B017
:10510C0000AF786039607B681B6A7B617B681B6AC7
:10511C0023F010027B681A627B685B683B617B68DA
:10512C009B69FB60FB6823F4E043FB60FB6823F4A2
:10513C004073FB603B681B681B02FA681343FB60FF
:10514C007B6923F020037B613B689B681B017A69B8
:10515C0013437B617B681D4A93420DD17B6923F01D
:10516C0080037B613B68DB681B017A6913437B61BD
:10517C007B6923F040037B617B68144A934213D113
:10518C003B6923F480633B613B6923F400633B611F
:10519C003B685B699B003A6913433B613B689B69C5
:1051AC009B003A6913433B617B683A695A607B68A0
:1051BC00FA689A613B685A687B689A637B687A697B
:1051CC001A6200BF1C37BD4680BC7047002C0140E2
:1051DC0080B487B000AF786039607B681B6A7B61F4
:1051EC007B681B6A23F480727B681A627B685B683D
:1051FC003B617B68DB69FB60FB6823F07003FB6041
:10520C00FB6823F00303FB603B681B68FA681343DD
:10521C00FB607B6923F400737B613B689B681B021A
:10522C007A6913437B617B681D4A93420DD17B697C
:10523C0023F400637B613B68DB681B027A691343D0
:10524C007B617B6923F480637B617B68144A9342A6
:10525C0013D13B6923F480533B613B6923F4005326
:10526C003B613B685B691B013A6913433B613B68DB
:10527C009B691B013A6913433B617B683A695A602D
:10528C007B68FA68DA613B685A687B68DA637B682A
:10529C007A691A6200BF1C37BD4680BC704700BFDC
:1052AC00002C014080B487B000AF786039607B6817
:1052BC001B6A3B617B681B6A23F480527B681A6211
:1052CC007B685B687B617B68DB69FB60FB6823F454
:1052DC00E043FB60FB6823F44073FB603B681B6896
:1052EC001B02FA681343FB603B6923F400533B61D8
:1052FC003B689B681B033A6913433B617B680F4A0D
:10530C00934209D17B6923F480437B613B685B69E1
:10531C009B017A6913437B617B687A695A607B686D
:10532C00FA68DA613B685A687B681A647B683A6988
:10533C001A6200BF1C37BD4680BC7047002C014070
:10534C0080B487B000AFF860B9607A60FB681B6A04
:10535C007B61FB681B6A23F00102FB681A62FB6825
:10536C009B693B613B6923F0F0033B617B681B014C
:10537C003A6913433B617B6923F00A037B617A69C9
:10538C00BB6813437B61FB683A699A61FB687A6975
:10539C001A6200BF1C37BD4680BC704780B487B012
:1053AC0000AFF860B9607A60FB681B6A7B61FB68D0
:1053BC001B6A23F01002FB681A62FB689B693B6155
:1053CC003B6923F470433B617B681B033A691343CD
:1053DC003B617B6923F0A0037B61BB681B017A698D
:1053EC0013437B61FB683A699A61FB687A691A62BC
:1053FC0000BF1C37BD4680BC704780B485B000AF81
:10540C00786039607B689B68FB60FB6823F07003F5
:10541C00FB603A68FB68134343F00703FB607B684F
:10542C00FA689A6000BF1437BD4680BC704780B4E0
:10543C0087B000AFF860B9607A603B60FB689B682E
:10544C007B617B6923F47F437B613B681A027B6839
:10545C001A43BB6813437A6913437B61FB687A690F
:10546C009A6000BF1C37BD4680BC704780B487B0C3
:10547C0000AFF860B9607A60BB6803F01F030122CB
:10548C0002FA03F37B61FB681A6A7B69DB431A40FF
:10549C00FB681A62FB681A6ABB6803F01F03796821
:1054AC0001FA03F31A43FB681A6200BF1C37BD46AE
:1054BC0080BC704780B485B000AF786039607B6881
:1054CC0093F83C30012B01D1022346E07B6801228A
:1054DC0083F83C207B68022283F83D207B681B68A4
:1054EC005B68FB607B681B689B68BB60FB6823F098
:1054FC007003FB603B681B68FA681343FB607B68B6
:10550C001B68FA685A607B681B68164A93420ED077
:10551C007B681B68B3F1804F09D07B681B68124A0B
:10552C00934204D07B681B68104A93420CD1BB6831
:10553C0023F08003BB603B685B68BA681343BB60B5
:10554C007B681B68BA689A607B68012283F83D20EF
:10555C007B68002283F83C20002318461437BD4694
:10556C0080BC7047002C0140000400400008004043
:10557C0080B485B000AFF860384680E80E00002398
:10558C0018461437BD4680BC704780B485B000AF58
:10559C0078607B680022A3F844204FF43F43FB6003
:1055AC00FB689AB27B68A3F8402000231846143796
:1055BC00BD4680BC704780B485B000AF78604FF4B6
:1055CC003F43FB607B68B3F840309AB2FB689BB2F8
:1055DC00DB439BB213409AB27B68A3F840200023B4
:1055EC0018461437BD4680BC704780B483B000AFFA
:1055FC0078600B46FB70002318460C37BD4680BC08
:10560C00704780B485B000AFF860384680E80E0073
:10561C00FB680122A3F84020FB680022A3F840207D
:10562C00FB680022A3F84420FB680022A3F850205A
:10563C00002318461437BD4680BC704780B49DB01B
:10564C0000AF78603960002387F86F307A683B6868
:10565C001B789B0013441B889BB223F4EC4323F070
:10566C007003A7F86C303B68DB78032B1FD801A2C2
:10567C0052F823F091560008AD560008C3560008A6
:10568C009F560008B7F86C3043F40073A7F86C30E1
:10569C0012E0B7F86C3043F4C063A7F86C300BE041
:1056AC00B7F86C3043F48063A7F86C3004E0012346
:1056BC0087F86F3000E000BF7A683B681B789B006E
:1056CC001A44B7F86C3043F07F4343F47F0343F440
:1056DC00004343F080039BB213807A683B681B78CD
:1056EC009B0013441B889BB223F4E04323F070030C
:1056FC009BB23A6812781343A7F866307A683B6815
:10570C001B789B001A44B7F8663043F07F4343F490
:10571C007F0343F4004343F080039BB213803B6848
:10572C001B7B002B40F078813B685B78002B00F0F2
:10573C0084807B68BB617B68B3F850309BB21A469F
:10574C00BB691344BB613B681B781A01BB691344EA
:10575C0003F580637B613B68DB885B089BB25B0075
:10576C009AB27B691A807A683B681B789B00134459
:10577C001B887B827B8A03F04003002B1BD07A684A
:10578C003B681B789B0013441B889BB223F4E043BB
:10579C0023F070033B827A683B681B789B001A44A9
:1057AC003B8A43F07F4343F47F0343F4004343F0CD
:1057BC00C0039BB213803B68DB78012B20D07A6846
:1057CC003B681B789B0013441B889BB223F4E0437B
:1057DC0023F04003BB81BB8983F02003BB817A6833
:1057EC003B681B789B001A44BB8943F07F4343F40E
:1057FC007F0343F4004343F080039BB21380D5E254
:10580C007A683B681B789B0013441B889BB223F47B
:10581C00E04323F04003FB817A683B681B789B00D4
:10582C001A44FB8943F07F4343F47F0343F4004362
:10583C0043F080039BB21380B8E27B683B637B68C8
:10584C00B3F850309BB21A463B6B13443B633B6836
:10585C001B781A013B6B134403F58163FB623B68B5
:10586C00DB885B089BB25B009AB2FB6A1A807B6890
:10587C00BB627B68B3F850309BB21A46BB6A1344C8
:10588C00BB623B681B781A01BB6A134403F20C43DE
:10589C007B627B6A1B889BB2C3F309039AB27B6A57
:1058AC001A803B681B693E2B1DD93B681B695B0941
:1058BC00BB663B681B6903F01F03002B02D1BB6E58
:1058CC00013BBB667B6A1B889AB2BB6E9BB29B0288
:1058DC009BB213439BB26FEA43436FEA53439AB2B2
:1058EC007B6A1A8026E03B681B69002B0AD17B6A15
:1058FC001B889BB26FEA43436FEA53439AB27B6AAD
:10590C001A8017E03B681B695B08BB663B681B6928
:10591C0003F00103002B02D0BB6E0133BB667B6A24
:10592C001B889AB2BB6E9BB29B029BB213439AB27A
:10593C007B6A1A807A683B681B789B0013441B882F
:10594C007B847B8C03F48043002B1BD07A683B68F0
:10595C001B789B0013441B889BB223F4E04323F079
:10596C0070033B847A683B681B789B001A443B8C21
:10597C0043F07F4343F47F0343F4404343F08003FD
:10598C009BB213803B681B78002B24D17A683B6850
:10599C001B789B0013441B889BB223F4804323F099
:1059AC007003BB83BB8B83F48053BB83BB8B83F4AF
:1059BC000053BB837A683B681B789B001A44BB8BF3
:1059CC0043F07F4343F47F0343F4004343F08003ED
:1059DC009BB21380EAE17A683B681B789B00134406
:1059EC001B889BB223F4804323F07003FB83FB8B57
:1059FC0083F40053FB837A683B681B789B001A4442
:105A0C00FB8B43F07F4343F47F0343F4004343F0A9
:105A1C0080039BB21380C9E13B68DB78022B1ED15B
:105A2C007A683B681B789B0013441B889BB223F459
:105A3C00E04323F07003A7F862307A683B681B7868
:105A4C009B001A44B7F8623043F07F4343F47F0362
:105A5C0043F4014343F080039BB213801DE07A684A
:105A6C003B681B789B0013441B889BB223F4E243D6
:105A7C0023F07003A7F864307A683B681B789B00AE
:105A8C001A44B7F8643043F07F4343F47F0343F484
:105A9C00004343F080039BB213807B68FB657B68FB
:105AAC00B3F850309BB21A46FB6D1344FB653B6850
:105ABC001B781A01FB6D134403F58063BB653B68CF
:105ACC001B895B089BB25B009AB2BB6D1A807B682A
:105ADC007B657B68B3F850309BB21A467B6D1344E0
:105AEC007B653B681B781A017B6D134403F581635E
:105AFC003B653B685B895B089BB25B009AB23B6D74
:105B0C001A803B685B78002B40F093807A683B6886
:105B1C001B789B0013441B88A7F84030B7F8403023
:105B2C0003F48043002B1BD07A683B681B789B00E6
:105B3C0013441B889BB223F4E04323F07003FB87D0
:105B4C007A683B681B789B001A44FB8F43F07F43B9
:105B5C0043F47F0343F4404343F080039BB2138030
:105B6C007A683B681B789B0013441B88BB87BB8FF0
:105B7C0003F04003002B1BD07A683B681B789B001A
:105B8C0013441B889BB223F4E04323F070037B8700
:105B9C007A683B681B789B001A447B8F43F07F43E9
:105BAC0043F47F0343F4004343F0C0039BB21380E0
:105BBC007A683B681B789B0013441B889BB223F4C8
:105BCC00804323F070033B873B8F83F480533B87E8
:105BDC003B8F83F400533B877A683B681B789B00B0
:105BEC001A443B8F43F07F4343F47F0343F4004359
:105BFC0043F080039BB213807A683B681B789B0050
:105C0C0013441B889BB223F4E04323F04003FB8630
:105C1C007A683B681B789B001A44FB8E43F07F43E9
:105C2C0043F47F0343F4004343F080039BB213809F
:105C3C00BCE07A683B681B789B0013441B88A7F870
:105C4C004E30B7F84E3003F48043002B1DD07A68E9
:105C5C003B681B789B0013441B889BB223F4E043E6
:105C6C0023F07003A7F84C307A683B681B789B00D4
:105C7C001A44B7F84C3043F07F4343F47F0343F4AA
:105C8C00404343F080039BB213807A683B681B78D7
:105C9C009B0013441B88A7F84A30B7F84A3003F02E
:105CAC004003002B1DD07A683B681B789B00134483
:105CBC001B889BB223F4E04323F07003A7F8483011
:105CCC007A683B681B789B001A44B7F8483043F05D
:105CDC007F4343F47F0343F4004343F0C0039BB280
:105CEC0013803B68DB78012B24D07A683B681B78E7
:105CFC009B0013441B889BB223F4E04323F0400326
:105D0C00A7F84430B7F8443083F02003A7F84430A8
:105D1C007A683B681B789B001A44B7F8443043F010
:105D2C007F4343F47F0343F4004343F080039BB26F
:105D3C0013801DE07A683B681B789B0013441B881A
:105D4C009BB223F4E04323F04003A7F846307A6873
:105D5C003B681B789B001A44B7F8463043F07F43EE
:105D6C0043F47F0343F4004343F080039BB213805E
:105D7C007A683B681B789B0013441B889BB223F406
:105D8C00804323F07003A7F842307A683B681B7895
:105D9C009B001A44B7F8423043F07F4343F47F032F
:105DAC0043F4004343F080039BB2138097F86F30A9
:105DBC0018467437BD4680BC704700BF80B48DB0A8
:105DCC0000AF786039603B681B7B002B40F08E8005
:105DDC003B685B78002B44D07A683B681B789B004F
:105DEC0013441B88BB81BB8903F04003002B1BD0E1
:105DFC007A683B681B789B0013441B889BB223F486
:105E0C00E04323F070037B817A683B681B789B002E
:105E1C001A447B8943F07F4343F47F0343F40043EC
:105E2C0043F0C0039BB213807A683B681B789B00DD
:105E3C0013441B889BB223F4E04323F040033B81C3
:105E4C007A683B681B789B001A443B8943F07F437C
:105E5C0043F47F0343F4004343F080039BB213806D
:105E6C0092E17A683B681B789B0013441B887B8209
:105E7C007B8A03F48043002B1BD07A683B681B7829
:105E8C009B0013441B889BB223F4E04323F0700364
:105E9C003B827A683B681B789B001A443B8A43F030
:105EAC007F4343F47F0343F4404343F080039BB2AE
:105EBC0013807A683B681B789B0013441B889BB249
:105ECC0023F4804323F07003FB817A683B681B78D2
:105EDC009B001A44FB8943F07F4343F47F0343F454
:105EEC00004343F080039BB213804DE13B685B7829
:105EFC00002B40F0A5807A683B681B789B0013440C
:105F0C001B883B843B8C03F48043002B1BD07A68AA
:105F1C003B681B789B0013441B889BB223F4E04323
:105F2C0023F07003FB837A683B681B789B001A4450
:105F3C00FB8B43F07F4343F47F0343F4404343F034
:105F4C0080039BB213807A683B681B789B001344D8
:105F5C001B88BB83BB8B03F04003002B1BD07A68E0
:105F6C003B681B789B0013441B889BB223F4E043D3
:105F7C0023F070037B837A683B681B789B001A4480
:105F8C007B8B43F07F4343F47F0343F4004343F0A4
:105F9C00C0039BB213807A683B681B789B00134448
:105FAC001B889BB223F4E04323F070033B837A6895
:105FBC003B681B789B001A443B8B43F07F4343F4B4
:105FCC007F0343F4004343F0C0039BB213807A6811
:105FDC003B681B789B0013441B889BB223F48043C3
:105FEC0023F07003FB827A683B681B789B001A4491
:105FFC00FB8A43F07F4343F47F0343F4004343F0B5
:10600C0080039BB213807A683B681B789B00134417
:10601C001B889BB223F4E04323F04003BB827A68D5
:10602C003B681B789B001A44BB8A43F07F4343F4C4
:10603C007F0343F4004343F080039BB21380A3E03F
:10604C007A683B681B789B0013441B88FB85FB8D8F
:10605C0003F48043002B1BD07A683B681B789B00B1
:10606C0013441B889BB223F4E04323F07003BB85DD
:10607C007A683B681B789B001A44BB8D43F07F43C6
:10608C0043F47F0343F4404343F080039BB21380FB
:10609C007A683B681B789B0013441B887B857B8D3F
:1060AC0003F04003002B1BD07A683B681B789B00E5
:1060BC0013441B889BB223F4E04323F070033B850D
:1060CC007A683B681B789B001A443B8D43F07F43F6
:1060DC0043F47F0343F4004343F0C0039BB21380AB
:1060EC007A683B681B789B0013441B889BB223F493
:1060FC00E04323F07003FB847A683B681B789B00B9
:10610C001A44FB8C43F07F4343F47F0343F4404336
:10611C0043F080039BB213807A683B681B789B002A
:10612C0013441B889BB223F4E04323F04003BB844D
:10613C007A683B681B789B001A44BB8C43F07F4306
:10614C0043F47F0343F4004343F080039BB213807A
:10615C007A683B681B789B0013441B889BB223F422
:10616C00804323F070037B847A683B681B789B0028
:10617C001A447B8C43F07F4343F47F0343F4004386
:10618C0043F080039BB21380002318463437BD467E
:10619C0080BC704780B5C2B000AF07F58473A3F51F
:1061AC008273186007F58473A3F58473196007F57F
:1061BC008473A3F584731B685B78012B40F0B7865E
:1061CC0007F58473A3F584731B689A6907F58473C8
:1061DC00A3F584731B681B699A4208D907F584736D
:1061EC00A3F584731B681B69C7F8043107E007F536
:1061FC008473A3F584731B689B69C7F8043107F596
:10620C008473A3F584731B681B7B002B3AD107F5B1
:10621C008473A3F584731B68596907F58473A3F51C
:10622C0084731B68DA88D7F804319BB207F5847045
:10623C00A0F58270006801F09CFC07F58473A3F54F
:10624C0082731B683B6107F58473A3F582731B682B
:10625C00B3F850309BB21A463B6913443B6107F5C7
:10626C008473A3F584731B681B781A013B69134470
:10627C0003F20443FB60D7F804319AB2FB681A802E
:10628C0000F01FBE07F58473A3F584731B68DB78DD
:10629C00022B40F0628407F58473A3F584731B68AA
:1062AC001A6A07F58473A3F584731B681B699A42F9
:1062BC0040F2DF8307F58473A3F582731A6807F540
:1062CC008473A3F584731B681B789B0013441B8891
:1062DC009BB223F4E04323F07003A7F8563007F584
:1062EC008473A3F582731A6807F58473A3F584731A
:1062FC001B681B789B001A44B7F8563043F07F4359
:10630C0043F47F0343F4014343F080039BB21380B7
:10631C0007F58473A3F584731B681A6AD7F80431E4
:10632C00D21A07F58473A3F584731B681A6207F5F8
:10633C008473A3F582731A6807F58473A3F58473C9
:10634C001B681B789B0013441B889BB203F0400313
:10635C00002B00F0C78107F58473A3F582731B68CB
:10636C003B6307F58473A3F584731B685B78002B80
:10637C0077D107F58473A3F582731B68BB6207F5AD
:10638C008473A3F582731B68B3F850309BB21A4622
:10639C00BB6A1344BB6207F58473A3F584731B6853
:1063AC001B781A01BB6A134403F20C437B627B6AB1
:1063BC001B889BB2C3F309039AB27B6A1A80D7F885
:1063CC0004313E2B21D9D7F804315B09C7F80031D1
:1063DC00D7F8043103F01F03002B04D1D7F8003198
:1063EC00013BC7F800317B6A1B889AB2D7F80031A1
:1063FC009BB29B029BB213439BB26FEA43436FEA7F
:10640C0053439AB27B6A1A8050E0D7F80431002BC0
:10641C000AD17B6A1B889BB26FEA43436FEA5343F2
:10642C009AB27B6A1A8041E0D7F804315B08C7F84E
:10643C000031D7F8043103F00103002B04D0D7F856
:10644C0000310133C7F800317B6A1B889AB2D7F848
:10645C0000319BB29B029BB213439AB27B6A1A80A7
:10646C0024E007F58473A3F584731B685B78012B18
:10647C001CD107F58473A3F582731B68B3F85030F5
:10648C009BB21A463B6B13443B6307F58473A3F52D
:10649C0084731B681B781A013B6B134403F20C4387
:1064AC00FB62D7F804319AB2FB6A1A8007F5847341
:1064BC00A3F584731B685B89A7F8763007F58473A2
:1064CC00A3F584731B685969D7F804319BB2B7F8EC
:1064DC00762007F58470A0F58270006801F049FB06
:1064EC0007F58473A3F584731B685A69D7F80431D4
:1064FC001A4407F58473A3F584731B685A6107F576
:10650C008473A3F584731B681A6A07F58473A3F567
:10651C0084731B681B699A420FD907F58473A3F522
:10652C0084731B681A6AD7F80431D21A07F584737E
:10653C00A3F584731B681A620EE007F58473A3F548
:10654C0084731B681B6AC7F8043107F58473A3F5C1
:10655C0084731B6800221A6207F58473A3F5847395
:10656C001B685B78002B77D107F58473A3F58273D6
:10657C001B68BB6107F58473A3F582731B68B3F8C2
:10658C0050309BB21A46BB691344BB6107F5847348
:10659C00A3F584731B681B781A01BB69134403F2BF
:1065AC0004437B617B691B889BB2C3F309039AB2DA
:1065BC007B691A80D7F804313E2B21D9D7F80431E6
:1065CC005B09C7F8FC30D7F8043103F01F03002B2C
:1065DC0004D1D7F8FC30013BC7F8FC307B691B8831
:1065EC009AB2D7F8FC309BB29B029BB213439BB27E
:1065FC006FEA43436FEA53439AB27B691A8056E0C1
:10660C00D7F80431002B0AD17B691B889BB26FEA47
:10661C0043436FEA53439AB27B691A8047E0D7F839
:10662C0004315B08C7F8FC30D7F8043103F00103E0
:10663C00002B04D0D7F8FC300133C7F8FC307B6951
:10664C001B889AB2D7F8FC309BB29B029BB21343C7
:10665C009AB27B691A802AE007F58473A3F58473D8
:10666C001B685B78012B22D107F58473A3F5827329
:10667C001B683B6207F58473A3F582731B68B3F840
:10668C0050309BB21A463B6A13443B6207F5847345
:10669C00A3F584731B681B781A013B6A134403F23D
:1066AC000443FB61D7F804319AB2FB691A8007F5F1
:1066BC008473A3F584731B681B89A7F8763007F5E0
:1066CC008473A3F584731B685969D7F804319BB2A2
:1066DC00B7F8762007F58470A0F58270006801F099
:1066EC0048FAEEE307F58473A3F584731B685B78B3
:1066FC00002B77D107F58473A3F582731B68BB64F9
:10670C0007F58473A3F582731B68B3F850309BB202
:10671C001A46BB6C1344BB6407F58473A3F58473EE
:10672C001B681B781A01BB6C134403F204437B6493
:10673C007B6C1B889BB2C3F309039AB27B6C1A80E7
:10674C00D7F804313E2B21D9D7F804315B09C7F8AF
:10675C00F830D7F8043103F01F03002B04D1D7F81D
:10676C00F830013BC7F8F8307B6C1B889AB2D7F82D
:10677C00F8309BB29B029BB213439BB26FEA43432C
:10678C006FEA53439AB27B6C1A8056E0D7F8043107
:10679C00002B0AD17B6C1B889BB26FEA43436FEAD8
:1067AC0053439AB27B6C1A8047E0D7F804315B08EC
:1067BC00C7F8F830D7F8043103F00103002B04D0EC
:1067CC00D7F8F8300133C7F8F8307B6C1B889AB2D5
:1067DC00D7F8F8309BB29B029BB213439AB27B6CF6
:1067EC001A802AE007F58473A3F584731B685B7821
:1067FC00012B22D107F58473A3F582731B683B65CB
:10680C0007F58473A3F582731B68B3F850309BB201
:10681C001A463B6D13443B6507F58473A3F58473EB
:10682C001B681B781A013B6D134403F20443FB6491
:10683C00D7F804319AB2FB6C1A8007F58473A3F570
:10684C0084731B681B89A7F8763007F58473A3F54E
:10685C0084731B685969D7F804319BB2B7F876205A
:10686C0007F58470A0F58270006801F082F907F5D5
:10687C008473A3F584731B685A69D7F804311A44DE
:10688C0007F58473A3F584731B685A6107F5847349
:10689C00A3F584731B681A6A07F58473A3F58473D4
:1068AC001B681B699A420FD907F58473A3F584738F
:1068BC001B681A6AD7F80431D21A07F58473A3F54A
:1068CC0084731B681A620EE007F58473A3F5847356
:1068DC001B681B6AC7F8043107F58473A3F584732E
:1068EC001B6800221A6207F58473A3F582731B6878
:1068FC003B6407F58473A3F584731B685B78002BEA
:10690C0077D107F58473A3F582731B68BB6307F516
:10691C008473A3F582731B68B3F850309BB21A468C
:10692C00BB6B1344BB6307F58473A3F584731B68BB
:10693C001B781A01BB6B134403F20C437B637B6B18
:10694C001B889BB2C3F309039AB27B6B1A80D7F8EE
:10695C0004313E2B21D9D7F804315B09C7F8F43048
:10696C00D7F8043103F01F03002B04D1D7F8F4300F
:10697C00013BC7F8F4307B6B1B889AB2D7F8F43024
:10698C009BB29B029BB213439BB26FEA43436FEAE9
:10699C0053439AB27B6B1A8050E0D7F80431002B2A
:1069AC000AD17B6B1B889BB26FEA43436FEA53435C
:1069BC009AB27B6B1A8041E0D7F804315B08C7F8B8
:1069CC00F430D7F8043103F00103002B04D0D7F8CE
:1069DC00F4300133C7F8F4307B6B1B889AB2D7F8CC
:1069EC00F4309BB29B029BB213439AB27B6B1A801E
:1069FC0024E007F58473A3F584731B685B78012B83
:106A0C001CD107F58473A3F582731B68B3F850305F
:106A1C009BB21A463B6C13443B6407F58473A3F595
:106A2C0084731B681B781A013B6C134403F20C43F0
:106A3C00FB63D7F804319AB2FB6B1A8007F58473A9
:106A4C00A3F584731B685B89A7F8763007F584730C
:106A5C00A3F584731B685969D7F804319BB2B7F856
:106A6C00762007F58470A0F58270006801F081F83B
:106A7C0027E207F58473A3F584731B681B6AC7F8B8
:106A8C00043107F58473A3F582731A6807F58473D0
:106A9C00A3F584731B681B789B0013441B889BB263
:106AAC0023F4E24323F07003A7F8623007F58473F4
:106ABC00A3F582731A6807F58473A3F584731B68B6
:106ACC001B789B001A44B7F8623043F07F4343F4C1
:106ADC007F0343F4004343F080039BB2138007F51C
:106AEC008473A3F582731B68FB6507F58473A3F5A8
:106AFC0082731B68B3F850309BB21A46FB6D13447B
:106B0C00FB6507F58473A3F584731B681B781A0166
:106B1C00FB6D134403F20443BB65D7F804319AB2FE
:106B2C00BB6D1A8007F58473A3F584731B681B89EE
:106B3C00A7F8763007F58473A3F584731B6859693D
:106B4C00D7F804319BB2B7F8762007F58470A0F51E
:106B5C008270006801F00DF8B3E107F58473A3F5BA
:106B6C0084731B681A6AD7F80431D21A07F5847338
:106B7C00A3F584731B681A6207F58473A3F58273FB
:106B8C001A6807F58473A3F584731B681B789B0044
:106B9C0013441B889BB203F04003002B00F0C6800B
:106BAC0007F58473A3F582731B683B6707F5847341
:106BBC00A3F584731B685B78002B77D107F584737E
:106BCC00A3F582731B68BB6607F58473A3F5827308
:106BDC001B68B3F850309BB21A46BB6E1344BB66AD
:106BEC0007F58473A3F584731B681B781A01BB6EBD
:106BFC00134403F20C437B667B6E1B889BB2C3F37E
:106C0C0009039AB27B6E1A80D7F804313E2B21D936
:106C1C00D7F804315B09C7F8F030D7F8043103F02A
:106C2C001F03002B04D1D7F8F030013BC7F8F0302C
:106C3C007B6E1B889AB2D7F8F0309BB29B029BB24A
:106C4C0013439BB26FEA43436FEA53439AB27B6E92
:106C5C001A8050E0D7F80431002B0AD17B6E1B88C8
:106C6C009BB26FEA43436FEA53439AB27B6E1A802E
:106C7C0041E0D7F804315B08C7F8F030D7F804319D
:106C8C0003F00103002B04D0D7F8F0300133C7F820
:106C9C00F0307B6E1B889AB2D7F8F0309BB29B0217
:106CAC009BB213439AB27B6E1A8024E007F584736F
:106CBC00A3F584731B685B78012B1CD107F58473D7
:106CCC00A3F582731B68B3F850309BB21A463B6F26
:106CDC0013443B6707F58473A3F584731B681B7817
:106CEC001A013B6F134403F20C43FB66D7F80431D3
:106CFC009AB2FB6E1A8007F58473A3F584731B6834
:106D0C005B89A7F8763007F58473A3F584731B6849
:106D1C005969D7F804319BB2B7F8762007F584701F
:106D2C00A0F58270006800F024FFCAE007F58473B8
:106D3C00A3F584731B685B78002B77D107F58473FC
:106D4C00A3F582731B68FB6707F58473A3F5827345
:106D5C001B68B3F850309BB21A46FB6F1344FB67A9
:106D6C0007F58473A3F584731B681B781A01FB6FFA
:106D7C00134403F20443BB67BB6F1B889BB2C3F382
:106D8C0009039AB2BB6F1A80D7F804313E2B21D974
:106D9C00D7F804315B09C7F8EC30D7F8043103F0AD
:106DAC001F03002B04D1D7F8EC30013BC7F8EC30B3
:106DBC00BB6F1B889AB2D7F8EC309BB29B029BB28C
:106DCC0013439BB26FEA43436FEA53439AB2BB6FD0
:106DDC001A805CE0D7F80431002B0AD1BB6F1B88FA
:106DEC009BB26FEA43436FEA53439AB2BB6F1A806C
:106DFC004DE0D7F804315B08C7F8EC30D7F8043114
:106E0C0003F00103002B04D0D7F8EC300133C7F8A2
:106E1C00EC30BB6F1B889AB2D7F8EC309BB29B025C
:106E2C009BB213439AB2BB6F1A8030E007F58473A0
:106E3C00A3F584731B685B78012B28D107F5847349
:106E4C00A3F582731B68C7F8843007F58473A3F528
:106E5C0082731B68B3F850309BB21A46D7F8843053
:106E6C001344C7F8843007F58473A3F584731B6847
:106E7C001B781A01D7F88430134403F20443C7F883
:106E8C008030D7F804319AB2D7F880301A8007F5E1
:106E9C008473A3F584731B681B89A7F8763007F5F8
:106EAC008473A3F584731B685969D7F804319BB2BA
:106EBC00B7F8762007F58470A0F58270006800F0B2
:106ECC0058FE07F58473A3F582731A6807F584736B
:106EDC00A3F584731B681B789B0013441B889BB21F
:106EEC0023F4E04323F040037B817B8983F0100380
:106EFC007B817B8983F020037B8107F58473A3F569
:106F0C0082731A6807F58473A3F584731B681B7866
:106F1C009B001A447B8943F07F4343F47F0343F483
:106F2C00004343F080039BB2138000F0DEBC07F5F6
:106F3C008473A3F584731B681B7B002B40F0BB8010
:106F4C0007F58473A3F584731B689A6907F584733A
:106F5C00A3F584731B681B699A4217D907F58473D0
:106F6C00A3F584731B681B69C7F8043107F5847398
:106F7C00A3F584731B689A69D7F80431D21A07F504
:106F8C008473A3F584731B689A610EE007F5847310
:106F9C00A3F584731B689B69C7F8043107F58473E8
:106FAC00A3F584731B6800229A6107F58473A3F51B
:106FBC0082731B68C7F8903007F58473A3F582734E
:106FCC001B68B3F850309BB21A46D7F89030134474
:106FDC00C7F8903007F58473A3F584731B681B788E
:106FEC001A01D7F89030134403F20C43C7F88C30D5
:106FFC00D7F88C301B889BB2C3F309039AB2D7F82D
:10700C008C301A80D7F804313E2B24D9D7F80431B0
:10701C005B09C7F8E830D7F8043103F01F03002BE5
:10702C0004D1D7F8E830013BC7F8E830D7F88C30FA
:10703C001B889AB2D7F8E8309BB29B029BB21343E1
:10704C009BB26FEA43436FEA53439AB2D7F88C3042
:10705C001A8000F010BCD7F80431002B0CD1D7F8F3
:10706C008C301B889BB26FEA43436FEA53439AB24E
:10707C00D7F88C301A80FEE3D7F804315B08C7F8D8
:10708C00E830D7F8043103F00103002B04D0D7F813
:10709C00E8300133C7F8E830D7F88C301B889AB247
:1070AC00D7F8E8309BB29B029BB213439AB2D7F845
:1070BC008C301A80DFE307F58473A3F584731B68A7
:1070CC00DB78022B40F0188207F58473A3F58473E8
:1070DC001B685B78002B40F09D8007F58473A3F54B
:1070EC0082731B68C7F8AC3007F58473A3F5827301
:1070FC001B68B3F850309BB21A46D7F8AC30134427
:10710C00C7F8AC3007F58473A3F584731B681B7840
:10711C001A01D7F8AC30134403F20443C7F8A83073
:10712C00D7F8A8301B889BB2C3F309039AB2D7F8DF
:10713C00A8301A8007F58473A3F584731B681B6948
:10714C003E2B2BD907F58473A3F584731B681B693D
:10715C005B09C7F8E43007F58473A3F584731B68E7
:10716C001B6903F01F03002B04D1D7F8E430013B5B
:10717C00C7F8E430D7F8A8301B889AB2D7F8E430B7
:10718C009BB29B029BB213439BB26FEA43436FEAE1
:10719C0053439AB2D7F8A8301A8070E007F584737D
:1071AC00A3F584731B681B69002B0CD1D7F8A8308E
:1071BC001B889BB26FEA43436FEA53439AB2D7F8EA
:1071CC00A8301A805BE007F58473A3F584731B6801
:1071DC001B695B08C7F8E43007F58473A3F5847367
:1071EC001B681B6903F00103002B04D0D7F8E430B3
:1071FC000133C7F8E430D7F8A8301B889AB2D7F817
:10720C00E4309BB29B029BB213439AB2D7F8A830DE
:10721C001A8034E007F58473A3F584731B685B78DC
:10722C00012B2CD107F58473A3F582731B68C7F867
:10723C00B43007F58473A3F582731B68B3F8503030
:10724C009BB21A46D7F8B4301344C7F8B43007F5DC
:10725C008473A3F584731B681B781A01D7F8B430B8
:10726C00134403F20443C7F8B03007F58473A3F555
:10727C0084731B681B699AB2D7F8B0301A8007F573
:10728C008473A3F582731B68C7F8A43007F5847365
:10729C00A3F584731B685B78002B40F09D8007F589
:1072AC008473A3F582731B68C7F89C3007F584734D
:1072BC00A3F582731B68B3F850309BB21A46D7F80B
:1072CC009C301344C7F89C3007F58473A3F5847382
:1072DC001B681B781A01D7F89C30134403F20C433B
:1072EC00C7F89830D7F898301B889BB2C3F30903C2
:1072FC009AB2D7F898301A8007F58473A3F5847383
:10730C001B681B693E2B2BD907F58473A3F584737B
:10731C001B681B695B09C7F8E03007F58473A3F59C
:10732C0084731B681B6903F01F03002B04D1D7F86F
:10733C00E030013BC7F8E030D7F898301B889AB2A0
:10734C00D7F8E0309BB29B029BB213439BB26FEA1F
:10735C0043436FEA53439AB2D7F898301A8069E0E6
:10736C0007F58473A3F584731B681B69002B0CD180
:10737C00D7F898301B889BB26FEA43436FEA5343AC
:10738C009AB2D7F898301A8054E007F58473A3F5B5
:10739C0084731B681B695B08C7F8E03007F58473BE
:1073AC00A3F584731B681B6903F00103002B04D045
:1073BC00D7F8E0300133C7F8E030D7F898301B88A5
:1073CC009AB2D7F8E0309BB29B029BB213439AB2AD
:1073DC00D7F898301A802DE007F58473A3F58473E1
:1073EC001B685B78012B25D107F58473A3F5827399
:1073FC001B68B3F850309BB21A46D7F8A43013442C
:10740C00C7F8A43007F58473A3F584731B681B7845
:10741C001A01D7F8A430134403F20C43C7F8A03078
:10742C0007F58473A3F584731B681B699AB2D7F8AC
:10743C00A0301A8007F58473A3F584731B68DB698D
:10744C00002B00F0188207F58473A3F582731A6879
:10745C0007F58473A3F584731B681B789B00134496
:10746C001B88A7F89630B7F8963003F48043002BAE
:10747C0005D0B7F8963003F04003002B0DD1B7F8C8
:10748C00963003F48043002B40F0F581B7F896302A
:10749C0003F04003002B40F0EE8107F58473A3F555
:1074AC0082731A6807F58473A3F584731B681B78C1
:1074BC009B0013441B889BB223F4E04323F070031E
:1074CC00A7F8943007F58473A3F582731A6807F54F
:1074DC008473A3F584731B681B789B001A44B7F85C
:1074EC00943043F07F4343F47F0343F4004343F071
:1074FC00C0039BB21380BEE107F58473A3F58473BC
:10750C001B68DB78012B40F0B48107F58473A3F57D
:10751C0084731B689A6907F58473A3F584731B68DD
:10752C001B699A4217D907F58473A3F584731B68FA
:10753C001B69C7F8043107F58473A3F584731B68C2
:10754C009A69D7F80431D21A07F58473A3F58473BA
:10755C001B689A610EE007F58473A3F584731B68AE
:10756C009B69C7F8043107F58473A3F584731B6812
:10757C0000229A6107F58473A3F584731B685B780A
:10758C00002B40F0858007F58473A3F582731B688C
:10759C00C7F8CC3007F58473A3F582731B68B3F876
:1075AC0050309BB21A46D7F8CC301344C7F8CC30C5
:1075BC0007F58473A3F584731B681B781A01D7F83D
:1075CC00CC30134403F20443C7F8C830D7F8C830A2
:1075DC001B889BB2C3F309039AB2D7F8C8301A8040
:1075EC00D7F804313E2B23D9D7F804315B09C7F8FF
:1075FC00DC30D7F8043103F01F03002B04D1D7F88B
:10760C00DC30013BC7F8DC30D7F8C8301B889AB2A5
:10761C00D7F8DC309BB29B029BB213439BB26FEA50
:10762C0043436FEA53439AB2D7F8C8301A8060E0EC
:10763C00D7F80431002B0CD1D7F8C8301B889BB27B
:10764C006FEA43436FEA53439AB2D7F8C8301A80B3
:10765C004FE0D7F804315B08C7F8DC30D7F80431B9
:10766C0003F00103002B04D0D7F8DC300133C7F84A
:10767C00DC30D7F8C8301B889AB2D7F8DC309BB214
:10768C009B029BB213439AB2D7F8C8301A8030E0F1
:10769C0007F58473A3F584731B685B78012B28D1E1
:1076AC0007F58473A3F582731B68C7F8D43007F50C
:1076BC008473A3F582731B68B3F850309BB21A46DF
:1076CC00D7F8D4301344C7F8D43007F58473A3F536
:1076DC0084731B681B781A01D7F8D430134403F257
:1076EC000443C7F8D030D7F804319AB2D7F8D03069
:1076FC001A8007F58473A3F582731B68C7F8C4302E
:10770C0007F58473A3F584731B685B78002B40F03A
:10771C00858007F58473A3F582731B68C7F8BC30AA
:10772C0007F58473A3F582731B68B3F850309BB2D2
:10773C001A46D7F8BC301344C7F8BC3007F584732D
:10774C00A3F584731B681B781A01D7F8BC3013445B
:10775C0003F20C43C7F8B830D7F8B8301B889BB28B
:10776C00C3F309039AB2D7F8B8301A80D7F80431AA
:10777C003E2B23D9D7F804315B09C7F8D830D7F89A
:10778C00043103F01F03002B04D1D7F8D830013B90
:10779C00C7F8D830D7F8B8301B889AB2D7F8D83099
:1077AC009BB29B029BB213439BB26FEA43436FEABB
:1077BC0053439AB2D7F8B8301A805CE0D7F804314A
:1077CC00002B0CD1D7F8B8301B889BB26FEA43431F
:1077DC006FEA53439AB2D7F8B8301A804BE0D7F817
:1077EC0004315B08C7F8D830D7F8043103F0010333
:1077FC00002B04D0D7F8D8300133C7F8D830D7F8DD
:10780C00B8301B889AB2D7F8D8309BB29B029BB287
:10781C0013439AB2D7F8B8301A802CE007F584736A
:10782C00A3F584731B685B78012B24D107F5847353
:10783C00A3F582731B68B3F850309BB21A46D7F885
:10784C00C4301344C7F8C43007F58473A3F58473AC
:10785C001B681B781A01D7F8C430134403F20C438D
:10786C00C7F8C030D7F804319AB2D7F8C0301A80B4
:10787C0001E001233AE007F58473A3F582731A68DB
:10788C0007F58473A3F584731B681B789B00134462
:10789C001B889BB223F4804323F07003A7F88A3033
:1078AC00B7F88A3083F48053A7F88A30B7F88A3057
:1078BC0083F40053A7F88A3007F58473A3F5827319
:1078CC001A6807F58473A3F584731B681B789B00F7
:1078DC001A44B7F88A3043F07F4343F47F0343F4F0
:1078EC00004343F080039BB213800023184607F536
:1078FC008477BD4680BD80B485B000AF78603960B8
:10790C003B685B78002B20D07A683B681B789B0027
:10791C0013441B889BB223F4E04323F04003BB8148
:10792C00BB8983F01003BB817A683B681B789B0092
:10793C001A44BB8943F07F4343F47F0343F4004371
:10794C0043F080039BB213801FE07A683B681B787E
:10795C009B0013441B889BB223F4804323F07003D9
:10796C00FB81FB8983F48053FB817A683B681B782D
:10797C009B001A44FB8943F07F4343F47F0343F499
:10798C00004343F080039BB2138000231846143746
:10799C00BD4680BC704780B487B000AF786039605A
:1079AC003B681B7B002B40F09D803B685B78002B79
:1079BC004CD07A683B681B789B0013441B883B8235
:1079CC003B8A03F04003002B1BD07A683B681B7882
:1079DC009B0013441B889BB223F4E04323F07003F9
:1079EC00FB817A683B681B789B001A44FB8943F047
:1079FC007F4343F47F0343F4004343F0C0039BB243
:107A0C0013803B68DB78012B6CD07A683B681B7861
:107A1C009B0013441B889BB223F4E04323F04003E8
:107A2C00BB81BB8983F02003BB817A683B681B78E0
:107A3C009B001A44BB8943F07F4343F47F0343F418
:107A4C00004343F080039BB213804BE07A683B68A1
:107A5C001B789B0013441B88FB82FB8A03F4804336
:107A6C00002B1BD07A683B681B789B0013441B8847
:107A7C009BB223F4E04323F07003BB827A683B682B
:107A8C001B789B001A44BB8A43F07F4343F47F036B
:107A9C0043F4404343F080039BB213807A683B6805
:107AAC001B789B0013441B889BB223F4804323F068
:107ABC0070037B827B8A83F480537B827B8A83F482
:107ACC0000537B827A683B681B789B001A447B8A44
:107ADC0043F07F4343F47F0343F4004343F08003BC
:107AEC009BB21380002318461C37BD4680BC7047E0
:107AFC0080B483B000AF78600B46FB70FB78002B32
:107B0C0003D17B688022A3F84C20002318460C3745
:107B1C00BD4680BC704780B483B000AF7860002352
:107B2C0018460C37BD4680BC704780B483B000AF9C
:107B3C007860002318460C37BD4680BC704780B473
:107B4C0085B000AF78607B68B3F844309BB2FB60C3
:107B5C00FB6818461437BD4680BC704780B483B0B0
:107B6C0000AF78603960002318460C37BD4680BCE6
:107B7C00704780B48BB000AFF860B96011461A46FC
:107B8C000B46FB801346BB80BB8801335B08BB6193
:107B9C00FB687B61BB68FB61FB885A007B69134403
:107BAC0003F580633B62BB697B621FE0FB691B785A
:107BBC007B82FB6901331B781BB21B021AB2B7F92B
:107BCC00123013431BB27B823B6A7A8A1A803B6A5F
:107BDC0002333B623B6A02333B62FB690133FB615C
:107BEC00FB690133FB617B6A013B7B627B6A002B87
:107BFC00DCD100BF00BF2C37BD4680BC704780B4C1
:107C0C008BB000AFF860B96011461A460B46FB808A
:107C1C001346BB80BB885B089BB2BB61FB687B6176
:107C2C00BB68FB61FB885A007B69134403F58063D6
:107C3C003B62BB697B621BE03B6A1B889BB23B616E
:107C4C003B6A02333B623B69DAB2FB691A70FB692F
:107C5C000133FB613B691B0ADAB2FB691A70FB69E1
:107C6C000133FB613B6A02333B627B6A013B7B6203
:107C7C007B6A002BE0D1BB8803F001039BB2002B85
:107C8C0007D03B6A1B889BB23B613B69DAB2FB694C
:107C9C001A7000BF2C37BD4680BC704780B584B0CD
:107CAC0000AF78600B46FB700023FB737B681B7C7A
:107CBC00002B15D14FF4007302228121786801F05A
:107CCC0092FE7B680122DA624FF4007302220121DA
:107CDC00786801F088FE7B680122C3F86C2112E001
:107CEC00402302228121786801F07DFE7B6801220D
:107CFC00DA62402302220121786801F074FE7B686D
:107D0C000122C3F86C21082303228221786801F038
:107D1C006AFE7B6801221A644FF4077001F08AFF37
:107D2C0002467B68C3F8B8227B68D3F8B832002BC4
:107D3C0002D10123FB7326E07B68D3F8B832BB6019
:107D4C007B68D3F8BC321B689847BB680022C3F829
:107D5C001422BB680022C3F818227B681B7C002B02
:107D6C0009D1BB68D3F804224FF400730121786861
:107D7C0001F029FF07E0BB68D3F80422402301215E
:107D8C00786801F020FFFB7B18461037BD4680BD9C
:107D9C0080B584B000AF78600B46FB700023FB739A
:107DAC008121786801F045FE7B680022DA620121AE
:107DBC00786801F03EFE7B680022C3F86C218221BA
:107DCC00786801F036FE7B6800221A647B68D3F871
:107DDC00B832002B0ED07B68D3F8BC325B68984766
:107DEC007B68D3F8B832184601F030FF7B6800226C
:107DFC00C3F8B822FB7B18461037BD4680BD80B552
:107E0C0086B000AF786039607B68D3F8B8323B61DC
:107E1C000023FB730023BB810023FB753B681B789D
:107E2C0003F06003002B39D0202B7FD13B68DB881B
:107E3C00002B29D03B681B785BB2002B11DA7B68D6
:107E4C00D3F8BC329B683A68507839693A68D28862
:107E5C00984739693B68DB881A46786801F006FA5E
:107E6C006BE03B685A783B6983F800223B68DB88FF
:107E7C00DAB23B6983F8012239693B68DB881A4620
:107E8C00786801F021FA58E07B68D3F8BC329B6823
:107E9C003A6850780022396898474EE03B685B7826
:107EAC000B2B2ED00B2B38DC002B02D00A2B14D032
:107EBC0033E07B6893F89C32032B07D107F10C035A
:107ECC0002221946786801F0D1F92EE039687868F9
:107EDC0001F062F90223FB7527E07B6893F89C3272
:107EEC00032B07D107F10F0301221946786801F023
:107EFC00BDF91AE03968786801F04EF90223FB7578
:107F0C0013E07B6893F89C32032B0DD039687868AA
:107F1C0001F042F90223FB7506E03968786801F03C
:107F2C003BF90223FB7500E000BF06E03968786876
:107F3C0001F032F90223FB7500BFFB7D18461837A0
:107F4C00BD4680BD80B584B000AF78600B46FB7039
:107F5C007B68D3F8B832FB607B68D3F8C032BB6067
:107F6C007B68D3F8B832002B3AD0FA78796813468C
:107F7C009B0013449B000B441C331B68002B29D023
:107F8C00FA78796813469B0013449B000B441C330E
:107F9C001A68F978B8680B469B000B44DB00034465
:107FAC0020331B68B2FBF3F101FB03F3D31A002B54
:107FBC0010D1FA78796813469B0013449B000B444C
:107FCC001C3300221A60F97800230022786801F033
:107FDC00D7FD03E0FB680022C3F81422002300E065
:107FEC00022318461037BD4680BD80B584B000AF63
:107FFC0078600B46FB707B68D3F8B832FB60FB787B
:10800C001946786801F002FE0246FB68C3F80C22A0
:10801C007B68D3F8B832002B0DD07B68D3F8BC3218
:10802C00DB68FA68D2F80402FA6802F503721146AA
:10803C009847002300E0022318461037BD4680BD48
:10804C0080B584B000AF78607B68D3F8B832FB6041
:10805C007B68D3F8BC32002B14D0FB6893F8003249
:10806C00FF2B0FD07B68D3F8BC329B68FA6892F870
:10807C000002F968FA6892F801229847FB68FF221F
:10808C0083F80022002318461037BD4680BD00003F
:10809C0080B483B000AF78607B6843221A80034BB6
:1080AC0018460C37BD4680BC704700BF94000020BA
:1080BC0080B483B000AF78607B6843221A80034B96
:1080CC0018460C37BD4680BC704700BF50000020DE
:1080DC0080B483B000AF78607B6843221A80034B76
:1080EC0018460C37BD4680BC704700BFD800002036
:1080FC0080B483B000AF78607B680A221A80034B8F
:10810C0018460C37BD4680BC704700BF0C000020E1
:10811C0080B485B000AF786039600223FB733B6894
:10812C00002B05D07B683A68C3F8BC220023FB7394
:10813C00FB7B18461437BD4680BC704780B487B0B3
:10814C0000AFF860B9601346FB80FB68D3F8B83217
:10815C007B617B69BA68C3F80822FA887B69C3F82B
:10816C001022002318461C37BD4680BC704780B4D3
:10817C0085B000AF786039607B68D3F8B832FB60AB
:10818C00FB683A68C3F80422002318461437BD462E
:10819C0080BC704780B584B000AF78607B68D3F842
:1081AC00B832FB607B68D3F8B832002B1CD0FB686C
:1081BC00D3F81432002B15D1FB680122C3F814221A
:1081CC00FB68D3F810227B681A63FB68D3F808228B
:1081DC00FB68D3F810329BB28121786801F0D0FC97
:1081EC00002302E0012300E0022318461037BD46AD
:1081FC0080BD80B584B000AF78607B68D3F8B832AE
:10820C00FB607B68D3F8B832002B17D07B681B7CE3
:10821C00002B09D1FB68D3F804224FF40073012121
:10822C00786801F0D0FC07E0FB68D3F80422402307
:10823C000121786801F0C7FC002300E002231846F6
:10824C001037BD4680BD80B584B000AFF860B96012
:10825C001346FB71FB68002B01D102231AE0FB686B
:10826C00D3F8B432002B03D0FB680022C3F8B4223D
:10827C00BB68002B03D0FB68BA68C3F8B022FB685C
:10828C00012283F89C22FB68FA791A70F86801F0D5
:10829C0035FB002318461037BD4680BD80B485B031
:1082AC0000AF786039600023FB733B68002B06D06D
:1082BC007B683A68C3F8B4220023FB7301E0022305
:1082CC00FB73FB7B18461437BD4680BC704780B5EA
:1082DC0082B000AF7860786801F06AFB0023184622
:1082EC000837BD4680BD80B483B000AF78600023F2
:1082FC0018460C37BD4680BC704780B584B000AFC3
:10830C0078600B46FB700223FB737B68D3F8B432A6
:10831C00002B0CD07B68D3F8B4321B68FA7811466A
:10832C00786898470346002B01D10023FB73FB7B35
:10833C0018461037BD4680BD80B582B000AF78605E
:10834C000B46FB707B68D3F8B4325B68FA78114645
:10835C0078689847002318460837BD4680BD80B51D
:10836C0082B000AF786039607B6803F52A73396896
:10837C00184600F0D8FE7B680122C3F894227B6873
:10838C00B3F8AE321A467B68C3F898227B6893F830
:10839C00A83203F01F03022B16D0022B1CD8002B83
:1083AC0002D0012B08D017E07B6803F52A7319461D
:1083BC00786800F0CBF91AE07B6803F52A7319464C
:1083CC00786800F02DFA12E07B6803F52A731946E1
:1083DC00786800F06DFA0AE07B6893F8A83223F015
:1083EC007F03DBB21946786801F042FB00BF002323
:1083FC0018460837BD4680BD80B586B000AFF86022
:10840C000B467A60FB72FB7A002B4BD1FB6803F5B1
:10841C00AA737B61FB68D3F89432032B34D17B694C
:10842C00DA687B691B699A4219D97B69DA687B69BE
:10843C001B69D21A7B69DA607B69DA687B691B6914
:10844C009A4203D27B69DB689BB202E07B691B69B1
:10845C009BB21A467968F86800F054FF38E0FB6864
:10846C00D3F8B4321B69002B0AD0FB6893F89C320A
:10847C00032B05D1FB68D3F8B4321B69F868984715
:10848C00F86800F051FF23E0FB68D3F89432052B19
:10849C001ED1FB680022C3F894220021F86801F079
:1084AC00E7FA15E0FB68D3F8B4329B69002B0DD0CA
:1084BC00FB6893F89C32032B08D1FB68D3F8B432D9
:1084CC009B69FA7A1146F868984701E0022300E0AC
:1084DC00002318461837BD4680BD80B586B000AF66
:1084EC00F8600B467A60FB72FB7A002B7FD1FB683D
:1084FC0014337B61FB68D3F89432022B5CD17B691B
:10850C00DA687B691B699A4215D97B69DA687B69E1
:10851C001B69D21A7B69DA607B69DB689BB21A46ED
:10852C007968F86800F0BEFE002300220021F8688C
:10853C0001F049FB4EE07B699B687A691269B3FBD9
:10854C00F2F101FB02F29B1A002B1CD17B699A6899
:10855C007B691B699A4216D37B699A68FB68D3F8CE
:10856C0098329A420FD200220021F86800F09AFE4D
:10857C00FB680022C3F89822002300220021F8682F
:10858C0001F021FB26E0FB68D3F8B432DB68002B4A
:10859C000AD0FB6893F89C32032B05D1FB68D3F807
:1085AC00B432DB68F86898478021F86801F060FA0B
:1085BC00F86800F0CCFE0DE0FB68D3F89432042B85
:1085CC0004D0FB68D3F89432002B03D18021F868D7
:1085DC0001F04EFAFB6893F8A032012B1DD1F8681C
:1085EC00FFF781FEFB68002283F8A02215E0FB68F0
:1085FC00D3F8B4325B69002B0DD0FB6893F89C3236
:10860C00032B08D1FB68D3F8B4325B69FA7A1146B4
:10861C00F868984701E0022300E000231846183759
:10862C00BD4680BD80B582B000AF7860402300228B
:10863C000021786801F0D7F97B680122C3F8582132
:10864C007B684022C3F86421402300228021786893
:10865C0001F0C9F97B6801229A617B6840225A6259
:10866C007B68012283F89C227B680022C3F8942249
:10867C007B6800225A607B680022C3F8A4227B68C6
:10868C00D3F8B832002B09D07B68D3F8B4325B68CE
:10869C007A685268D2B21146786898470023184617
:1086AC000837BD4680BD80B483B000AF78600B4600
:1086BC00FB707B68FA781A74002318460C37BD4699
:1086CC0080BC704780B483B000AF78607B6893F84F
:1086DC009C227B6883F89D227B68042283F89C2271
:1086EC00002318460C37BD4680BC704780B483B05D
:1086FC0000AF78607B6893F89C32042B05D17B68C3
:10870C0093F89D227B6883F89C22002318460C3733
:10871C00BD4680BC704780B582B000AF78607B6886
:10872C0093F89C32032B0BD17B68D3F8B432DB6902
:10873C00002B05D07B68D3F8B432DB697868984796
:10874C00002318460837BD4680BD000080B584B0B4
:10875C0000AF786039600023FB733B681B7803F033
:10876C006003402B05D0402B4FD8002B09D0202B79
:10877C004BD17B68D3F8B4329B68396878689847DA
:10878C0048E03B685B78092B39D801A252F823F0FA
:10879C00ED870008018800080B880008F78700089F
:1087AC000B880008CF870008C58700080B880008D5
:1087BC00E3870008D98700083968786800F0DCF98D
:1087CC0022E03968786800F03FFB1DE03968786872
:1087DC0000F07EFB18E03968786800F007FC13E0C5
:1087EC003968786800F037FC0EE03968786800F07A
:1087FC0065FC09E03968786800F074FC04E03968BD
:10880C00786800F0C9FC00BF04E03968786800F0B3
:10881C00C3FC00BFFB7B18461037BD4680BD00BFB4
:10882C0080B584B000AF786039600023FB733B687F
:10883C001B7803F06003402B05D0402B2ED8002B67
:10884C0001D0202B2AD17B6893F89C32013B022B60
:10885C001DD83B689B88DBB2012B13D87B68D3F8FF
:10886C00B4329B683968786898470346FB733B6859
:10887C00DB88002B10D1FB7B002B0DD1786800F02E
:10888C0053FD09E03968786800F086FC04E039682B
:10889C00786800F081FC00E000BF04E0396878687B
:1088AC0000F07AFC00BF002318461037BD4680BD8F
:1088BC0080B584B000AF786039600023FB733B68EF
:1088CC009B88BB733B681B7803F06003402B07D07D
:1088DC00402B00F24681002B0AD0202B40F0418126
:1088EC007B68D3F8B4329B683968786898473DE167
:1088FC003B681B7803F06003202B0AD17B68D3F80C
:10890C00B4329B683968786898470346FB73FB7BE5
:10891C002DE13B685B78032B07D0032B00F31B8105
:10892C00002B72D0012B3AD015E17B6893F89C3266
:10893C00022B02D0032B15D02BE0BB7B002B0CD0D1
:10894C00BB7B802B09D0BB7B1946786801F090F873
:10895C008021786801F08CF820E03968786800F0A4
:10896C001BFC1BE03B685B88002B0ED1BB7B002BF8
:10897C000BD0BB7B802B08D03B68DB88002B04D151
:10898C00BB7B1946786801F073F8786800F0CCFC72
:10899C0004E03968786800F0FFFB00BFE0E07B681A
:1089AC0093F89C32022B02D0032B15D026E0BB7B14
:1089BC00002B0CD0BB7B802B09D0BB7B1946786875
:1089CC0001F056F88021786801F052F81CE0396803
:1089DC00786800F0E1FB17E03B685B88002B12D154
:1089EC00BB7B03F07F03002B04D0BB7B194678685C
:1089FC0001F05DF8786800F097FC04E0396878685D
:108A0C0000F0CAFB00E000BFAAE07B6893F89C3240
:108A1C00022B02D0032B32D097E0BB7B002B07D06C
:108A2C00BB7B802B04D03968786800F0B5FB91E0F3
:108A3C0097F90E30002B0BDABB7B03F07F02134649
:108A4C009B0013449B0010337A68134404330BE0EF
:108A5C00BB7B03F07F0213469B0013449B0003F582
:108A6C00A8737A6813440433BB60BB6800221A6095
:108A7C00BB6802221946786800F0F8FB6AE097F9A7
:108A8C000E30002B11DABB7B03F00F027968134612
:108A9C009B0013449B000B4418331B68002B17D10D
:108AAC003968786800F078FB54E0BB7B03F00F0268
:108ABC00796813469B0013449B000B4403F5AC737D
:108ACC001B68002B04D13968786800F065FB41E025
:108ADC0097F90E30002B0BDABB7B03F07F021346A9
:108AEC009B0013449B0010337A68134404330BE04F
:108AFC00BB7B03F07F0213469B0013449B0003F5E2
:108B0C00A8737A6813440433BB60BB7B002B02D080
:108B1C00BB7B802B03D1BB6800221A600EE0BB7BB1
:108B2C001946786800F0E2FF0346002B03D0BB68BF
:108B3C0001221A6002E0BB6800221A60BB680222A4
:108B4C001946786800F092FB04E03968786800F008
:108B5C0023FB00BF04E03968786800F01DFB00BF00
:108B6C0004E03968786800F017FB00BFFB7B1846FF
:108B7C001037BD4680BD000080B584B000AF786072
:108B8C00396000233B810023FB600023FB723B68B0
:108B9C005B881B0A9BB2013B062B00F2288101A2C9
:108BAC0052F823F0CD8B0008E58B0008258C0008CB
:108BBC00FB8D0008FB8D00089B8D0008C78D0008FD
:108BCC007B68D3F8B0321B687A68127C07F1080115
:108BDC0010469847F86012E17B681B7C002B0DD186
:108BEC007B68D3F8B4329B6A07F1080210469847A9
:108BFC00F860FB68013302221A7000E17B68D3F83D
:108C0C00B432DB6A07F1080210469847F860FB683B
:108C1C00013302221A70F2E03B685B88DBB2052B51
:108C2C0000F2AC8001A252F823F000BF518C000876
:108C3C00858C0008B98C0008ED8C0008218D00088B
:108C4C00558D00087B68D3F8B0325B68002B0BD0D5
:108C5C007B68D3F8B0325B687A68127C07F1080144
:108C6C0010469847F86091E03968786800F094FAFB
:108C7C00FB7A0133FB7289E07B68D3F8B0329B68D6
:108C8C00002B0BD07B68D3F8B0329B687A68127CCF
:108C9C0007F1080110469847F86077E03968786862
:108CAC0000F07AFAFB7A0133FB726FE07B68D3F841
:108CBC00B032DB68002B0BD07B68D3F8B032DB68AA
:108CCC007A68127C07F1080110469847F8605DE05D
:108CDC003968786800F060FAFB7A0133FB7255E072
:108CEC007B68D3F8B0321B69002B0BD07B68D3F8B0
:108CFC00B0321B697A68127C07F10801104698475C
:108D0C00F86043E03968786800F046FAFB7A013382
:108D1C00FB723BE07B68D3F8B0325B69002B0BD065
:108D2C007B68D3F8B0325B697A68127C07F1080172
:108D3C0010469847F86029E03968786800F02CFAFA
:108D4C00FB7A0133FB7221E07B68D3F8B0329B696C
:108D5C00002B0BD07B68D3F8B0329B697A68127CFD
:108D6C0007F1080110469847F8600FE039687868F9
:108D7C0000F012FAFB7A0133FB7207E0396878686D
:108D8C0000F00AFAFB7A0133FB7238E037E07B68BB
:108D9C001B7C002B09D17B68D3F8B4325B6B07F1D9
:108DAC00080210469847F86029E03968786800F0A6
:108DBC00F3F9FB7A0133FB7221E07B681B7C002BFF
:108DCC000DD17B68D3F8B4321B6B07F10802104647
:108DDC009847F860FB68013307221A700FE0396876
:108DEC00786800F0D9F9FB7A0133FB7207E0396837
:108DFC00786800F0D1F9FB7A0133FB7200BFFB7A83
:108E0C00002B1CD13B89002B11D03B68DB88002B3D
:108E1C000DD03B68DA883B89934228BF13469BB23E
:108E2C003B813B891A46F968786800F01FFA3B6869
:108E3C00DB88002B04D1786800F076FA00E000BFE4
:108E4C001037BD4680BD00BF80B584B000AF7860E0
:108E5C0039603B689B88002B30D13B68DB88002B4A
:108E6C002CD13B685B887F2B28D83B685B88DBB2B6
:108E7C0003F07F03FB737B6893F89C32032B04D1C4
:108E8C003968786800F088F91DE07B68FA7B83F814
:108E9C009E22FB7B1946786800F053FE786800F040
:108EAC0043FAFB7B002B04D07B68022283F89C22C4
:108EBC0009E07B68012283F89C2204E03968786819
:108ECC0000F06AF900BF00BF1037BD4680BD00003E
:108EDC0080B582B000AF786039603B685B88DAB2ED
:108EEC00414B1A70404B1B78012B04D939687868B8
:108EFC0000F052F975E07B6893F89C32022B02D09B
:108F0C00032B23D062E0384B1B78002B1AD0364B46
:108F1C001B781A467B685A607B68032283F89C2274
:108F2C00314B1B7819467868FFF7E7F90346022B9B
:108F3C0004D13968786800F02FF952E0786800F0B5
:108F4C00F3F94EE0786800F0EFF94AE0264B1B7815
:108F5C00002B12D17B68022283F89C22224B1B78B7
:108F6C001A467B685A60204B1B7819467868FFF7C5
:108F7C00E3F9786800F0D8F933E01B4B1B781A46FC
:108F8C007B685B689A421DD07B685B68DBB21946D4
:108F9C007868FFF7D1F9144B1B781A467B685A6036
:108FAC00114B1B7819467868FFF7A7F90346022B7B
:108FBC0004D13968786800F0EFF812E0786800F0B6
:108FCC00B3F90EE0786800F0AFF90AE03968786818
:108FDC0000F0E2F8044B1B7819467868FFF7ACF9FF
:108FEC0000BF0837BD4680BDEC2A002080B582B09A
:108FFC0000AF786039603B68DB88012B04D039689E
:10900C00786800F0C9F822E07B6893F89C32022B58
:10901C0002DC002B03DC15E0032B0BD012E07B6889
:10902C0000229A607B68083301221946786800F0A8
:10903C001DF90CE07B68043301221946786800F0B6
:10904C0015F904E03968786800F0A6F800BF00BF95
:10905C000837BD4680BD80B582B000AF78603960FE
:10906C007B6893F89C32013B022B1ED83B68DB8853
:10907C00022B04D03968786800F08EF81AE07B680F
:10908C000122DA607B68D3F8A432002B05D07B6810
:10909C00DB6843F002027B68DA607B680C330222E7
:1090AC001946786800F0E2F804E03968786800F056
:1090BC0073F800BF00BF0837BD4680BD80B582B0D5
:1090CC0000AF786039603B685B88012B06D17B6808
:1090DC000122C3F8A422786800F026F900BF0837F3
:1090EC00BD4680BD80B582B000AF786039607B68CA
:1090FC0093F89C32013B022B0BD83B685B88012B0D
:10910C000CD17B680022C3F8A422786800F00CF91B
:10911C0004E03968786800F03FF800E000BF00BF59
:10912C000837BD4680BD80B483B000AF786039602D
:10913C003B681A787B681A703B685A787B685A705F
:10914C003B6802331B781A463B6803331B781B02BF
:10915C009BB213449AB27B685A803B6804331B78E9
:10916C001A463B6805331B781B029BB213449AB218
:10917C007B689A803B6806331B781A463B6807333A
:10918C001B781B029BB213449AB27B68DA8000BF37
:10919C000C37BD4680BC704780B582B000AF78609C
:1091AC0039608021786800F063FC0021786800F059
:1091BC005FFC00BF0837BD4680BD80B586B000AFF0
:1091CC00F860B9607A600023FB75FB68002B32D025
:1091DC00F86800F034F8034601339BB25B009AB296
:1091EC007B681A80FB7D5A1CFA751A46BB681344BF
:1091FC007A6812781A70FB7D5A1CFA751A46BB688D
:10920C00134403221A7012E0FB685A1CFA60FA7DB0
:10921C00511CF9751146BA680A441B781370FB7D12
:10922C005A1CFA751A46BB68134400221A70FB6864
:10923C001B78002BE8D100BF1837BD4680BD80B429
:10924C0085B000AF78600023FB7305E0FB7B013336
:10925C00FB737B6801337B607B681B78002BF5D13B
:10926C00FB7B18461437BD4680BC704780B584B074
:10927C0000AFF860B9601346FB80FB680222C3F8AC
:10928C009422FA88FB68DA61FA88FB681A62FB8818
:10929C00BA680021F86800F073FC002318461037F8
:1092AC00BD4680BD80B584B000AFF860B960134690
:1092BC00FB80FB88BA680021F86800F061FC002391
:1092CC0018461037BD4680BD80B584B000AFF8603D
:1092DC00B9601346FB80FB680322C3F89422FA881A
:1092EC00FB68C3F85C21FA88FB68C3F86021FB8833
:1092FC00BA680021F86800F066FC002318461037A5
:10930C00BD4680BD80B584B000AFF860B96013462F
:10931C00FB80FB88BA680021F86800F054FC00233D
:10932C0018461037BD4680BD80B582B000AF78605E
:10933C007B680422C3F89422002300220021786861
:10934C0000F01EFC002318460837BD4680BD80B5D2
:10935C0082B000AF78607B680522C3F894220023AA
:10936C0000220021786800F02EFC002318460837F4
:10937C00BD4680BD80B500AF002212491248FEF7F1
:10938C0062FF0346002B01D0F7F7CCFB0F490E48C8
:10939C00FEF784FF0346002B01D0F7F7C3FB0C4903
:1093AC000948FEF7B5FE0346002B01D0F7F7BAFBD0
:1093BC000548FEF78CFF0346002B01D0F7F7B2FBF4
:1093CC0000BF80BD2C010020F02A002018000020D6
:1093DC001C01002080B500AF002205490548FEF7AE
:1093EC00ADFE05490348FEF7C2FE0023184680BDBA
:1093FC00B4310020F02A0020B42D002080B400AF3E
:10940C0000231846BD4680BC7047000080B483B072
:10941C0000AF03463960FB711346BB80FB79232BED
:10942C004AD801A252F823F0C5940008C59400084C
:10943C00C5940008C5940008C5940008C59400089C
:10944C00C5940008C5940008C5940008C59400088C
:10945C00C5940008C5940008C5940008C59400087C
:10946C00C5940008C5940008C5940008C59400086C
:10947C00C5940008C5940008C5940008C59400085C
:10948C00C5940008C5940008C5940008C59400084C
:10949C00C5940008C5940008C5940008C59400083C
:1094AC00C5940008C5940008C5940008C59400082C
:1094BC00C5940008C594000800BF002318460C375B
:1094CC00BD4680BC704700BF80B584B000AF7860EB
:1094DC0039603B681B68012B0CD97B681B78532BBC
:1094EC0008D17B6801331B78303BFB73FB7B184640
:1094FC00F7F7CEFA79680548FEF739FE0348FEF710
:10950C0078FE002318461037BD4680BDF02A002097
:10951C0080B584B000AF78600B467B800023FB7372
:10952C000D4BD3F8B832BB60BB68D3F81432002BA8
:10953C0001D001230BE07B881A4679680648FEF7B8
:10954C00FDFD0548FEF726FE0346FB73FB7B184624
:10955C001037BD4680BD00BFF02A002080B483B018
:10956C0000AF03463960FB713B6812221A80034B33
:10957C0018460C37BD4680BC704700BF4801002020
:10958C0080B483B000AF03463960FB713B680422A2
:10959C001A80034B18460C37BD4680BC704700BF81
:1095AC005C01002080B582B000AF03463960FB71CE
:1095BC00FB79002B05D13A6807490848FFF7FDFDF8
:1095CC0004E03A6804490548FFF7F7FD024B1846DA
:1095DC000837BD4680BD00BFB4350020489D00084B
:1095EC0080B582B000AF03463960FB713A6804491C
:1095FC000448FFF7E2FD024B18460837BD4680BD14
:10960C00B4350020609D000880B582B000AF0346E1
:10961C003960FB713B681A221A8000F043F8024B48
:10962C0018460837BD4680BD6001002080B582B069
:10963C0000AF03463960FB71FB79002B05D13A680A
:10964C0007490848FFF7B9FD04E03A6804490548A2
:10965C00FFF7B3FD024B18460837BD4680BD00BF6F
:10966C00B4350020749D000880B582B000AF03466D
:10967C003960FB71FB79002B05D13A680749084822
:10968C00FFF79BFD04E03A6804490548FFF795FD98
:10969C00024B18460837BD4680BD00BFB4350020CC
:1096AC00809D000880B584B000AF0F4B1B68FB6039
:1096BC000E4B1B68BB600E4B1B687B60FA687B68AB
:1096CC001344FB60FB68002B09D008220949F86899
:1096DC0000F014F804220849B86800F00FF800BF35
:1096EC001037BD4680BD00BFE8F7FF1FECF7FF1F2A
:1096FC00F0F7FF1F620100207201002080B487B0D8
:10970C0000AFF860B9601346FB710023FB750023B2
:10971C00FB7527E0FB681B0F092B0BD8FB681B0F95
:10972C00DAB2FB7D5B001946BB680B443032D2B217
:10973C001A700AE0FB681B0FDAB2FB7D5B0019465E
:10974C00BB680B443732D2B21A70FB681B01FB604A
:10975C00FB7D5B000133BA68134400221A70FB7D59
:10976C000133FB75FA7DFB799A42D3D300BF00BF5E
:10977C001C37BD4680BC704780B584B000AF7860A4
:10978C007B681B680D4A934213D10D4BDB690C4A65
:10979C0043F40003D3610A4BDB6903F40003FB6061
:1097AC00FB68002200211420F8F707FA1420F8F7C0
:1097BC0020FA00BF1037BD4680BD00BF005C0040E2
:1097CC000010024080B582B000AF78607B68D3F89F
:1097DC00D4227B6803F5267319461046FEF7BFFDAD
:1097EC0000BF0837BD4680BD80B582B000AF786041
:1097FC000B46FB707B68D3F8D402FA787968134671
:10980C009B001344DB000B4403F5B2731A68FB781E
:10981C001946FEF7F1FD00BF0837BD4680BD80B587
:10982C0082B000AF78600B46FB707B68D3F8D40233
:10983C00FA78796813469B001344DB000B442433FD
:10984C001A68FB781946FEF748FE00BF0837BD467C
:10985C0080BD80B582B000AF78607B68D3F8D4321D
:10986C001846FEF758FF00BF0837BD4680BD80B5CF
:10987C0084B000AF78600123FB737B689B79022B6B
:10988C0001D0F7F74FF97B68D3F8D432FA7B114645
:10989C001846FEF708FF7B68D3F8D4321846FEF75B
:1098AC00C1FE00BF1037BD4680BD000080B582B040
:1098BC0000AF78607B68D3F8D4321846FEF702FF0D
:1098CC007B689B7A002B05D0044B1B69034A43F041
:1098DC000603136100BF0837BD4680BD00ED00E0F4
:1098EC0080B582B000AF78607B68D3F8D43218466C
:1098FC00FEF7FCFE00BF0837BD4680BD80B582B0C8
:10990C0000AF7860284A7B68C2F8D4327B68264A5C
:10991C00C3F8C022244B254A1A60234B08221A7123
:10992C00214B02229A71204B00229A721E4B00226C
:10993C00DA721D4B00221A731B48F8F7FEFC034623
:10994C00002B01D0F7F7EEF87B68D3F8C002182390
:10995C0000220021FAF70FFA7B68D3F8C0025823D3
:10996C0000228021FAF707FA7B68D3F8C002C023E3
:10997C0000228121FAF7FFF97B68D3F8C0024FF47B
:10998C00887300220121FAF7F6F97B68D3F8C0023C
:10999C004FF4807300228221FAF7EDF90023184668
:1099AC000837BD4680BD00BFB4370020005C0040C6
:1099BC0080B584B000AF78600023FB730023BB73C9
:1099CC007B68D3F8C0321846F8F7ADFD0346FB733D
:1099DC00FB7B184600F04EF90346BB73BB7B184665
:1099EC001037BD4680BD80B584B000AF78600846A6
:1099FC0011461A460346FB700B46BB7013463B8060
:109A0C000023FB730023BB737B68D3F8C002BB78C5
:109A1C003A88F978F8F701FF0346FB73FB7B18468D
:109A2C0000F028F90346BB73BB7B18461037BD46C4
:109A3C0080BD80B584B000AF78600B46FB7000230E
:109A4C00FB730023BB737B68D3F8C032FA781146E2
:109A5C001846F8F73FFF0346FB73FB7B184600F0F4
:109A6C0009F90346BB73BB7B18461037BD4680BD56
:109A7C0080B584B000AF78600B46FB700023FB739D
:109A8C000023BB737B68D3F8C032FA7811461846B2
:109A9C00F8F7E7FF0346FB73FB7B184600F0EAF888
:109AAC000346BB73BB7B18461037BD4680BD80B5E3
:109ABC0084B000AF78600B46FB700023FB7300236F
:109ACC00BB737B68D3F8C032FA7811461846F9F7A5
:109ADC0028F80346FB73FB7B184600F0CBF80346D3
:109AEC00BB73BB7B18461037BD4680BD80B485B0B8
:109AFC0000AF78600B46FB707B68D3F8C032FB601C
:109B0C0097F90330002B0BDAFB7803F07F02F9682E
:109B1C0013469B001344DB000B4412331B780BE001
:109B2C00FB7803F07F02F96813469B001344DB00BB
:109B3C000B4403F5A9731B7818461437BD4680BC3B
:109B4C00704780B584B000AF78600B46FB70002383
:109B5C00FB730023BB737B68D3F8C032FA781146D1
:109B6C001846F8F736FE0346FB73FB7B184600F0ED
:109B7C0081F80346BB73BB7B18461037BD4680BDCE
:109B8C0080B586B000AFF8607A601A460B46FB725F
:109B9C0013463B810023FB750023BB75FB68D3F890
:109BAC00C0023B89F97A7A68F8F724FF0346FB7503
:109BBC00FB7D184600F05EF80346BB75BB7D18466E
:109BCC001837BD4680BD80B586B000AFF8607A60AE
:109BDC001A460B46FB7213463B810023FB75002390
:109BEC00BB75FB68D3F8C0023B89F97A7A68F8F741
:109BFC00B9FE0346FB75FB7D184600F03BF80346A7
:109C0C00BB75BB7D18461837BD4680BD80B582B08C
:109C1C0000AF78600B46FB707B68D3F8C032FA78E3
:109C2C0011461846F8F7CFFE034618460837BD46CE
:109C3C0080BD000080B483B000AF7860024B184642
:109C4C000C37BD4680BC70478C3A002080B483B082
:109C5C0000AF786000BF0C37BD4680BC704780B445
:109C6C0083B000AF78600B46FB7000BF0C37BD466D
:109C7C0080BC704780B485B000AF0346FB710023F5
:109C8C00FB73FB79032B17D801A252F823F000BF0A
:109C9C00AD9C0008B39C0008B99C0008BF9C000850
:109CAC000023FB730BE00223FB7308E00123FB731F
:109CBC0005E00223FB7302E00223FB7300BFFB7B76
:109CCC0018461437BD4680BC704700BF034602449B
:109CDC00934200D1704703F8011BF9E770B50026D9
:109CEC000C4D0D4B5B1B9C10A64209D1002600F0BD
:109CFC0019F80A4D0A4B5B1B9C10A64205D170BD8E
:109D0C0055F8043B98470136EEE755F8043B984765
:109D1C000136F2E7D09D0008D09D0008D09D0008C8
:109D2C00D49D0008F8B500BFF8BC08BC9E4670472F
:0C9D3C00F8B500BFF8BC08BC9E4670479C
:109D480053544D3332205669727475616C20436FD9
:109D58006D506F727400000053544D6963726F65E3
:109D68006C656374726F6E696373000043444320CB
:109D7800436F6E666967000043444320496E74650B
:109D880072666163650000000000000000000000CA
:109D98000102030406070809000000000102030489
:109DA80002030405060708090A0B0C0D0E0F101014
:109DB8000102000002030405060708090A0B0C0D3E
:089DC8000E0F10100102000053
:049DD0003101000855
:049DD4000D01000875
:109DD80000127A0010000000010000000A060002CC
:109DE8000000004001000000A97C00089D7D0008DB
:109DF8000B7E0008000000004D800008517F00081D
:109E0800F77F0008000000000000000000000000CC
:109E1800BD8000089D800008DD800008FD800008E6
:109E280009024300020100C03209040000010202D5
:109E38000100052400100105240100010424020288
:109E48000524060001070582030800100904010023
:109E5800020A00000007050102000200070581024E
:109E68000002000009024300020100C03209040098
:109E7800000102020100052400100105240100016F
:109E880004240202052406000107058203080010C5
:109E980009040100020A0000000705010240000051
:109EA800070581024000000009074300020104C0C1
:109EB8003209040000010202010005240010010516
:109EC800240100010424020205240600010705827A
:109ED8000308001009040100020A00000007050138
:109EE800024000000705810240000000E1930008DD
:109EF8000994000819940008D59400086995000889
:109F08008D950008ED950008B19500081596000894
:109F180039960008759600081201000202020040F6
:109F280083044057000201020301000004030904EE
:109F38001A030000000000000000000000000000FC
:0C9F48000000000000000000000000000D
:0400000508000E1DC4
:00000001FF
